timestamp,target_date,forecast_or_actual,forecast_time,predicted_high,forecast_detail,cli_date,actual_high,high_time,bias_corrected_prediction,source
2025-09-12 14:59:22 EDT ,2025-09-12,forecast,2025-09-12 14:59:22 EDT,77,Intermittent clouds,,,,,AccuWeather
2025-09-12 14:59:22 EDT ,2025-09-13,forecast,2025-09-12 14:59:22 EDT,78,Intermittent clouds,,,,,AccuWeather
2025-09-12 19:41:05 EDT,2025-09-13,forecast,2025-09-12 19:41:05 EDT,79,Intermittent clouds,,,,,AccuWeather
2025-09-13 04:36:02 EDT,2025-09-14,forecast,2025-09-13 04:36:02 EDT,82,Partly sunny w/ showers,,,,,AccuWeather
2025-09-13 10:31:40 EDT,2025-09-14,forecast,2025-09-13 10:31:40 EDT,81,accu-daily,,,,,AccuWeather
2025-09-13 10:55:00 EDT,2025-09-13,forecast,2025-09-13 10:55:00 EDT,78,Accu: Mostly cloudy,,,,,AccuWeather
2025-09-13 14:20:32 EDT,2025-09-13,forecast,2025-09-13 14:20:32 EDT,77,Accu: Mostly cloudy,,,,,AccuWeather
2025-09-13 16:01:32 EDT,2025-09-13,forecast,2025-09-13 16:01:32 EDT,80,Accu: Mostly cloudy,,,,,AccuWeather
2025-09-13 16:30:05 EDT,2025-09-13,forecast,2025-09-13 16:30:05 EDT,77,Accu: Mostly cloudy,,,,,AccuWeather
2025-09-13 17:26:10 EDT,2025-09-14,forecast,2025-09-13 17:26:10 EDT,82,Accu: Partly sunny w/ showers,,,,,AccuWeather
2025-09-14 00:35:17 EDT,2025-09-14,forecast,2025-09-14 00:35:17 EDT,77,Accu: Mostly cloudy,,,,,AccuWeather
2025-09-14 00:35:17 EDT,2025-09-15,forecast,2025-09-14 00:35:17 EDT,82,Accu: Partly sunny w/ showers,,,,,AccuWeather
2025-09-14 03:52:18 EDT,2025-09-15,forecast,2025-09-14 03:52:18 EDT,83,Accu: Partly sunny w/ showers,,,,,AccuWeather
2025-09-14 04:37:00,2025-09-14,forecast,2025-09-14 04:37:00,83,Partly sunny w/ showers,,,,,AccuWeather
2025-09-14 04:37:00,2025-09-15,forecast,2025-09-14 04:37:00,81,Mostly sunny,,,,,AccuWeather
2025-09-14 10:42:06 EDT,2025-09-15,forecast,2025-09-14 10:42:06 EDT,82,Accu: Mostly sunny,,,,,AccuWeather
2025-09-14 10:57:14 EDT,2025-09-14,forecast,2025-09-14 10:57:14 EDT,81,Accu: Partly sunny w/ showers,,,,,AccuWeather
2025-09-14 17:16:02 EDT,2025-09-15,forecast,2025-09-14 17:16:02 EDT,80,Accu: Mostly sunny,,,,,AccuWeather
2025-09-15 00:42:06 EDT,2025-09-15,forecast,2025-09-15 00:42:06 EDT,81,Accu: Partly sunny,,,,,AccuWeather
2025-09-15 00:42:06 EDT,2025-09-16,forecast,2025-09-15 00:42:06 EDT,80,Accu: Intermittent clouds,,,,,AccuWeather
2025-09-15 03:47:35 EDT,2025-09-16,forecast,2025-09-15 03:47:35 EDT,81,Accu: Intermittent clouds,,,,,AccuWeather
2025-09-15 04:46:39,2025-09-16,forecast,2025-09-15 04:46:39,75,Intermittent clouds,,,,,AccuWeather
2025-09-15 11:33:27 EDT,2025-09-16,forecast,2025-09-15 11:33:27 EDT,76,Accu: Intermittent clouds,,,,,AccuWeather
2025-09-15 12:47:34 EDT,2025-09-15,forecast,2025-09-15 12:47:34 EDT,80,Accu: Partly sunny,,,,,AccuWeather
2025-09-15 15:22:25 EDT,2025-09-15,forecast,2025-09-15 15:22:25 EDT,79,Accu: Partly sunny,,,,,AccuWeather
2025-09-16 00:40:10 EDT,2025-09-16,forecast,2025-09-16 00:40:10 EDT,79,Accu: Partly sunny,,,,,AccuWeather
2025-09-16 00:40:10 EDT,2025-09-17,forecast,2025-09-16 00:40:10 EDT,76,Accu: Intermittent clouds,,,,,AccuWeather
2025-09-16 04:47:45,2025-09-17,forecast,2025-09-16 04:47:45,70,Showers,,,,,AccuWeather
2025-09-16 04:49:08 EDT,2025-09-16,forecast,2025-09-16 04:49:08 EDT,76,Accu: Intermittent clouds,,,,,AccuWeather
2025-09-16 10:39:16,2025-09-17,forecast,2025-09-16 10:39:16,68,Showers,,,,,AccuWeather
2025-09-16 14:36:03 EDT,2025-09-16,forecast,2025-09-16 14:36:03 EDT,74,Accu: Partly sunny w/ showers,,,,,AccuWeather
2025-09-16 16:43:00 EDT,2025-09-16,forecast,2025-09-16 16:43:00 EDT,75,Accu: Partly sunny w/ showers,,,,,AccuWeather
2025-09-16 17:22:34 EDT,2025-09-16,forecast,2025-09-16 17:22:34 EDT,74,Accu: Partly sunny w/ showers,,,,,AccuWeather
2025-09-16 17:22:34 EDT,2025-09-17,forecast,2025-09-16 17:22:34 EDT,69,Accu: Showers,,,,,AccuWeather
2025-09-16 18:19:37 EDT,2025-09-17,forecast,2025-09-16 18:19:37 EDT,68,Accu: Showers,,,,,AccuWeather
2025-09-17 00:14:29 EDT,2025-09-17,forecast,2025-09-17 00:14:29 EDT,74,Accu: Intermittent clouds,,,,,AccuWeather
2025-09-17 00:14:29 EDT,2025-09-18,forecast,2025-09-17 00:14:29 EDT,68,Accu: Showers,,,,,AccuWeather
2025-09-17 04:30:10 EDT,2025-09-17,forecast,2025-09-17 04:30:10 EDT,68,Accu: Rain,,,,,AccuWeather
2025-09-17 04:30:10 EDT,2025-09-18,forecast,2025-09-17 04:30:10 EDT,79,Accu: Partly sunny w/ showers,,,,,AccuWeather
2025-09-17 04:45:12,2025-09-17,forecast,2025-09-17 04:45:12,67,Rain,,,,,AccuWeather
2025-09-17 10:26:58 EDT,2025-09-18,forecast,2025-09-17 10:26:58 EDT,80,Accu: Partly sunny w/ showers,,,,,AccuWeather
2025-09-17 10:57:39 EDT,2025-09-17,forecast,2025-09-17 10:57:39 EDT,70,Accu: Rain,,,,,AccuWeather
2025-09-17 12:51:15 EDT,2025-09-17,forecast,2025-09-17 12:51:15 EDT,69,Accu: Rain,,,,,AccuWeather
2025-09-17 15:17:35 EDT,2025-09-17,forecast,2025-09-17 15:17:35 EDT,70,Accu: Rain,,,,,AccuWeather
2025-09-17 15:57:21 EDT,2025-09-17,forecast,2025-09-17 15:57:21 EDT,69,Accu: Rain,,,,,AccuWeather
2025-09-17 16:26:58 EDT,2025-09-17,forecast,2025-09-17 16:26:58 EDT,68,Accu: Rain,,,,,AccuWeather
2025-09-18 00:30:39 EDT,2025-09-18,forecast,2025-09-18 00:30:39 EDT,70,Accu: Rain,,,,,AccuWeather
2025-09-18 00:30:39 EDT,2025-09-19,forecast,2025-09-18 00:30:39 EDT,80,Accu: Partly sunny w/ showers,,,,,AccuWeather
2025-09-18 03:51:39 EDT,2025-09-19,forecast,2025-09-18 03:51:39 EDT,82,Accu: Intermittent clouds,,,,,AccuWeather
2025-09-18 04:12:37,2025-09-18,forecast,2025-09-18 04:12:37,82,Intermittent clouds,,,,,AccuWeather
2025-09-18 04:12:37,2025-09-19,forecast,2025-09-18 04:12:37,83,Mostly sunny,,,,,AccuWeather
2025-09-18 10:43:47 EDT,2025-09-19,forecast,2025-09-18 10:43:47 EDT,84,Accu: Mostly sunny,,,,,AccuWeather
2025-09-18 14:34:29,2025-09-18,forecast,2025-09-18 14:34:29,83,Partly sunny,,,,,AccuWeather
2025-09-18 16:30:25 EDT,2025-09-18,forecast,2025-09-18 16:30:25 EDT,82,Accu: Partly sunny,,,,,AccuWeather
2025-09-18 17:24:16 EDT,2025-09-19,forecast,2025-09-18 17:24:16 EDT,82,Accu: Mostly sunny,,,,,AccuWeather
2025-09-18 17:51:03 EDT,2025-09-19,forecast,2025-09-18 17:51:03 EDT,84,Accu: Mostly sunny,,,,,AccuWeather
2025-09-19 00:26:31 EDT,2025-09-19,forecast,2025-09-19 00:26:31 EDT,83,Accu: Partly sunny,,,,,AccuWeather
2025-09-19 00:26:31 EDT,2025-09-20,forecast,2025-09-19 00:26:31 EDT,84,Accu: Mostly sunny,,,,,AccuWeather
2025-09-19 04:22:51,2025-09-20,forecast,2025-09-19 04:22:51,74,Sunny,,,,,AccuWeather
2025-09-19 04:29:40 EDT,2025-09-19,forecast,2025-09-19 04:29:40 EDT,84,Accu: Mostly sunny,,,,,AccuWeather
2025-09-19 11:17:23,2025-09-20,forecast,2025-09-19 11:17:23,73,Sunny,,,,,AccuWeather
2025-09-19 14:35:49 EDT,2025-09-19,forecast,2025-09-19 14:35:49 EDT,83,Accu: Mostly sunny,,,,,AccuWeather
2025-09-19 17:21:33 EDT,2025-09-20,forecast,2025-09-19 17:21:33 EDT,74,Accu: Sunny,,,,,AccuWeather
2025-09-19 17:50:41 EDT,2025-09-20,forecast,2025-09-19 17:50:41 EDT,73,Accu: Sunny,,,,,AccuWeather
2025-09-20 00:29:04 EDT,2025-09-20,forecast,2025-09-20 00:29:04 EDT,84,Accu: Sunny,,,,,AccuWeather
2025-09-20 00:29:04 EDT,2025-09-21,forecast,2025-09-20 00:29:04 EDT,73,Accu: Sunny,,,,,AccuWeather
2025-09-20 03:59:59 EDT,2025-09-21,forecast,2025-09-20 03:59:59 EDT,74,Accu: Sunny,,,,,AccuWeather
2025-09-20 04:20:21,2025-09-21,forecast,2025-09-20 04:20:21,71,Partly sunny,,,,,AccuWeather
2025-09-20 04:31:19 EDT,2025-09-20,forecast,2025-09-20 04:31:19 EDT,74,Accu: Sunny,,,,,AccuWeather
2025-09-20 04:31:19 EDT,2025-09-21,forecast,2025-09-20 04:31:19 EDT,70,Accu: Partly sunny,,,,,AccuWeather
2025-09-20 10:23:31 EDT,2025-09-21,forecast,2025-09-20 10:23:31 EDT,71,Accu: Partly sunny,,,,,AccuWeather
2025-09-20 15:17:53 EDT,2025-09-20,forecast,2025-09-20 15:17:53 EDT,73,Accu: Sunny,,,,,AccuWeather
2025-09-21 00:30:03 EDT,2025-09-21,forecast,2025-09-21 00:30:03 EDT,73,Accu: Sunny,,,,,AccuWeather
2025-09-21 00:30:03 EDT,2025-09-22,forecast,2025-09-21 00:30:03 EDT,71,Accu: Partly sunny,,,,,AccuWeather
2025-09-21 04:00:14 EDT,2025-09-21,forecast,2025-09-21 04:00:14 EDT,72,Accu: Partly sunny,,,,,AccuWeather
2025-09-21 04:00:14 EDT,2025-09-22,forecast,2025-09-21 04:00:14 EDT,74,Accu: Mostly sunny,,,,,AccuWeather
2025-09-21 10:23:29 EDT,2025-09-22,forecast,2025-09-21 10:23:29 EDT,73,Accu: Mostly sunny,,,,,AccuWeather
2025-09-21 10:39:05 EDT,2025-09-21,forecast,2025-09-21 10:39:05 EDT,71,Accu: Partly sunny,,,,,AccuWeather
2025-09-21 10:39:05 EDT,2025-09-22,forecast,2025-09-21 10:39:05 EDT,74,Accu: Mostly sunny,,,,,AccuWeather
2025-09-21 13:38:48 EDT,2025-09-21,forecast,2025-09-21 13:38:48 EDT,70,Accu: Partly sunny,,,,,AccuWeather
2025-09-21 14:29:18 EDT,2025-09-21,forecast,2025-09-21 14:29:18 EDT,71,Accu: Partly sunny,,,,,AccuWeather
2025-09-21 17:38:20 EDT,2025-09-22,forecast,2025-09-21 17:38:20 EDT,73,Accu: Mostly sunny,,,,,AccuWeather
2025-09-21 17:50:26 EDT,2025-09-22,forecast,2025-09-21 17:50:26 EDT,74,Accu: Mostly sunny,,,,,AccuWeather
2025-09-22 00:30:56 EDT,2025-09-22,forecast,2025-09-22 00:30:56 EDT,71,Accu: Partly sunny,,,,,AccuWeather
2025-09-22 00:30:56 EDT,2025-09-23,forecast,2025-09-22 00:30:56 EDT,74,Accu: Mostly sunny,,,,,AccuWeather
2025-09-22 04:24:51,2025-09-23,forecast,2025-09-22 04:24:51,80,Mostly cloudy w/ showers,,,,,AccuWeather
2025-09-22 04:35:43 EDT,2025-09-22,forecast,2025-09-22 04:35:43 EDT,73,Accu: Mostly sunny,,,,,AccuWeather
2025-09-22 10:39:09 EDT,2025-09-23,forecast,2025-09-22 10:39:09 EDT,81,Accu: Mostly cloudy w/ showers,,,,,AccuWeather
2025-09-22 10:52:15 EDT,2025-09-22,forecast,2025-09-22 10:52:15 EDT,74,Accu: Partly sunny,,,,,AccuWeather
2025-09-22 14:36:13 EDT,2025-09-22,forecast,2025-09-22 14:36:13 EDT,72,Accu: Mostly cloudy w/ showers,,,,,AccuWeather
2025-09-22 17:21:47 EDT,2025-09-23,forecast,2025-09-22 17:21:47 EDT,80,Accu: Mostly cloudy w/ showers,,,,,AccuWeather
2025-09-22 18:10:38 EDT,2025-09-23,forecast,2025-09-22 18:10:38 EDT,81,Accu: Mostly cloudy w/ showers,,,,,AccuWeather
2025-09-23 00:30:47 EDT,2025-09-23,forecast,2025-09-23 00:30:47 EDT,73,Accu: Mostly cloudy,,,,,AccuWeather
2025-09-23 00:30:47 EDT,2025-09-24,forecast,2025-09-23 00:30:47 EDT,81,Accu: Mostly cloudy w/ t-storms,,,,,AccuWeather
2025-09-23 03:57:04 EDT,2025-09-24,forecast,2025-09-23 03:57:04 EDT,82,Accu: Mostly cloudy w/ t-storms,,,,,AccuWeather
2025-09-23 04:22:52,2025-09-23,forecast,2025-09-23 04:22:52,82,Mostly cloudy w/ t-storms,,,,,AccuWeather
2025-09-23 04:22:52,2025-09-24,forecast,2025-09-23 04:22:52,77,Showers,,,,,AccuWeather
2025-09-23 10:27:15 EDT,2025-09-24,forecast,2025-09-23 10:27:15 EDT,79,Accu: Showers,,,,,AccuWeather
2025-09-23 11:27:34 EDT,2025-09-23,forecast,2025-09-23 11:27:34 EDT,81,Accu: Mostly cloudy w/ t-storms,,,,,AccuWeather
2025-09-23 13:26:48 EDT,2025-09-23,forecast,2025-09-23 13:26:48 EDT,83,Accu: Mostly cloudy w/ t-storms,,,,,AccuWeather
2025-09-23 13:30:57 EDT,2025-09-23,forecast,2025-09-23 13:30:57 EDT,82,Accu: Mostly cloudy w/ t-storms,,,,,AccuWeather
2025-09-24 00:26:34 EDT,2025-09-24,forecast,2025-09-24 00:26:34 EDT,83,Accu: Mostly cloudy,,,,,AccuWeather
2025-09-24 00:26:34 EDT,2025-09-25,forecast,2025-09-24 00:26:34 EDT,79,Accu: Showers,,,,,AccuWeather
2025-09-24 03:57:40 EDT,2025-09-25,forecast,2025-09-24 03:57:40 EDT,78,Accu: Showers,,,,,AccuWeather
2025-09-24 04:23:40,2025-09-24,forecast,2025-09-24 04:23:40,78,Showers,,,,,AccuWeather
2025-09-24 04:23:40,2025-09-25,forecast,2025-09-24 04:23:40,75,Thunderstorms,,,,,AccuWeather
2025-09-24 11:18:19,2025-09-25,forecast,2025-09-24 11:18:19,74,Thunderstorms,,,,,AccuWeather
2025-09-24 11:26:47 EDT,2025-09-24,forecast,2025-09-24 11:26:47 EDT,80,Accu: Showers,,,,,AccuWeather
2025-09-24 11:26:47 EDT,2025-09-25,forecast,2025-09-24 11:26:47 EDT,75,Accu: Thunderstorms,,,,,AccuWeather
2025-09-24 17:47:42 EDT,2025-09-25,forecast,2025-09-24 17:47:42 EDT,74,Accu: Thunderstorms,,,,,AccuWeather
2025-09-25 00:30:04 EDT,2025-09-25,forecast,2025-09-25 00:30:04 EDT,80,Accu: Showers,,,,,AccuWeather
2025-09-25 00:30:04 EDT,2025-09-26,forecast,2025-09-25 00:30:04 EDT,74,Accu: Thunderstorms,,,,,AccuWeather
2025-09-25 04:23:30,2025-09-26,forecast,2025-09-25 04:23:30,80,Intermittent clouds,,,,,AccuWeather
2025-09-25 04:34:28 EDT,2025-09-25,forecast,2025-09-25 04:34:28 EDT,74,Accu: Thunderstorms,,,,,AccuWeather
2025-09-25 10:28:24 EDT,2025-09-26,forecast,2025-09-25 10:28:24 EDT,81,Accu: Intermittent clouds,,,,,AccuWeather
2025-09-25 10:47:22 EDT,2025-09-26,forecast,2025-09-25 10:47:22 EDT,80,Accu: Intermittent clouds,,,,,AccuWeather
2025-09-25 10:59:22 EDT,2025-09-25,forecast,2025-09-25 10:59:22 EDT,75,Accu: Thunderstorms,,,,,AccuWeather
2025-09-25 17:50:55 EDT,2025-09-26,forecast,2025-09-25 17:50:55 EDT,81,Accu: Intermittent clouds,,,,,AccuWeather
2025-09-26 02:36:56,2025-09-26,forecast,2025-09-26 02:36:56,77,Thunderstorms,,,,,AccuWeather
2025-09-26 02:36:56,2025-09-27,forecast,2025-09-26 02:36:56,81,Intermittent clouds,,,,,AccuWeather
2025-09-26 04:24:22,2025-09-27,forecast,2025-09-26 04:24:22,78,Intermittent clouds,,,,,AccuWeather
2025-09-26 04:30:48 EDT,2025-09-26,forecast,2025-09-26 04:30:48 EDT,81,Accu: Intermittent clouds,,,,,AccuWeather
2025-09-26 10:23:55 EDT,2025-09-27,forecast,2025-09-26 10:23:55 EDT,79,Accu: Intermittent clouds,,,,,AccuWeather
2025-09-26 16:57:31 EDT,2025-09-26,forecast,2025-09-26 16:57:31 EDT,82,Accu: Intermittent clouds,,,,,AccuWeather
2025-09-26 17:21:18 EDT,2025-09-26,forecast,2025-09-26 17:21:18 EDT,81,Accu: Intermittent clouds,,,,,AccuWeather
2025-09-26 17:34:03 EDT,2025-09-27,forecast,2025-09-26 17:34:03 EDT,78,Accu: Intermittent clouds,,,,,AccuWeather
2025-09-27 00:28:45 EDT,2025-09-27,forecast,2025-09-27 00:28:45 EDT,82,Accu: Intermittent clouds,,,,,AccuWeather
2025-09-27 00:28:45 EDT,2025-09-28,forecast,2025-09-27 00:28:45 EDT,78,Accu: Intermittent clouds,,,,,AccuWeather
2025-09-27 04:13:20 EDT,2025-09-27,forecast,2025-09-27 04:13:20 EDT,80,Accu: Intermittent clouds,,,,,AccuWeather
2025-09-27 04:13:20 EDT,2025-09-28,forecast,2025-09-27 04:13:20 EDT,83,Accu: Partly sunny,,,,,AccuWeather
2025-09-27 12:29:18 EDT,2025-09-28,forecast,2025-09-27 12:29:18 EDT,82,Accu: Partly sunny,,,,,AccuWeather
2025-09-27 14:28:36 EDT,2025-09-27,forecast,2025-09-27 14:28:36 EDT,78,Accu: Intermittent clouds,,,,,AccuWeather
2025-09-27 15:18:29 EDT,2025-09-27,forecast,2025-09-27 15:18:29 EDT,79,Accu: Mostly cloudy w/ showers,,,,,AccuWeather
2025-09-28 00:29:59 EDT,2025-09-28,forecast,2025-09-28 00:29:59 EDT,79,Accu: Intermittent clouds,,,,,AccuWeather
2025-09-28 00:29:59 EDT,2025-09-29,forecast,2025-09-28 00:29:59 EDT,82,Accu: Partly sunny,,,,,AccuWeather
2025-09-28 04:00:08 EDT,2025-09-28,forecast,2025-09-28 04:00:08 EDT,83,Accu: Partly sunny,,,,,AccuWeather
2025-09-28 04:00:08 EDT,2025-09-29,forecast,2025-09-28 04:00:08 EDT,79,Accu: Intermittent clouds,,,,,AccuWeather
2025-09-28 04:20:19,2025-09-29,forecast,2025-09-28 04:20:19,81,Intermittent clouds,,,,,AccuWeather
2025-09-28 04:30:10 EDT,2025-09-29,forecast,2025-09-28 04:30:10 EDT,79,Accu: Intermittent clouds,,,,,AccuWeather
2025-09-28 10:22:00 EDT,2025-09-29,forecast,2025-09-28 10:22:00 EDT,78,Accu: Intermittent clouds,,,,,AccuWeather
2025-09-28 10:38:09 EDT,2025-09-29,forecast,2025-09-28 10:38:09 EDT,79,Accu: Intermittent clouds,,,,,AccuWeather
2025-09-28 16:25:35 EDT,2025-09-28,forecast,2025-09-28 16:25:35 EDT,82,Accu: Mostly sunny,,,,,AccuWeather
2025-09-28 17:18:22 EDT,2025-09-29,forecast,2025-09-28 17:18:22 EDT,78,Accu: Intermittent clouds,,,,,AccuWeather
2025-09-28 21:20:43 EDT,2025-09-29,forecast,2025-09-28 21:20:43 EDT,79,Accu: Intermittent clouds,,,,,AccuWeather
2025-09-29 00:31:44 EDT,2025-09-29,forecast,2025-09-29 00:31:44 EDT,83,Accu: Mostly sunny,,,,,AccuWeather
2025-09-29 00:31:44 EDT,2025-09-30,forecast,2025-09-29 00:31:44 EDT,79,Accu: Intermittent clouds,,,,,AccuWeather
2025-09-29 04:26:00,2025-09-30,forecast,2025-09-29 04:26:00,82,Intermittent clouds,,,,,AccuWeather
2025-09-29 04:36:55 EDT,2025-09-29,forecast,2025-09-29 04:36:55 EDT,79,Accu: Intermittent clouds,,,,,AccuWeather
2025-09-29 06:29:25 EDT,2025-09-30,forecast,2025-09-29 06:29:25 EDT,81,Accu: Intermittent clouds,,,,,AccuWeather
2025-09-29 15:18:19 EDT,2025-09-29,forecast,2025-09-29 15:18:19 EDT,78,Accu: Intermittent clouds,,,,,AccuWeather
2025-09-30 00:10:43 EDT,2025-09-30,forecast,2025-09-30 00:10:43 EDT,78,Accu: Intermittent clouds,,,,,AccuWeather
2025-09-30 04:24:58,2025-09-30,forecast,2025-09-30 04:24:58,80,Intermittent clouds,,,,,AccuWeather
2025-09-30 04:24:58,2025-10-01,forecast,2025-09-30 04:24:58,68,Mostly sunny,,,,,AccuWeather
2025-09-30 11:08:52 EDT,2025-09-30,forecast,2025-09-30 11:08:52 EDT,81,Accu: Partly sunny,,,,,AccuWeather
2025-09-30 17:32:29 EDT,2025-10-01,forecast,2025-09-30 17:32:29 EDT,69,Accu: Mostly sunny,,,,,AccuWeather
2025-10-01 00:11:03 EDT,2025-10-02,forecast,2025-10-01 00:11:03 EDT,69,Accu: Mostly sunny,,,,,AccuWeather
2025-10-01 04:23:47,2025-10-02,forecast,2025-10-01 04:23:47,66,Partly sunny,,,,,AccuWeather
2025-10-01 05:06:39 EDT,2025-10-01,forecast,2025-10-01 05:06:39 EDT,68,Accu: Mostly sunny,,,,,AccuWeather
2025-10-01 11:09:44 EDT,2025-10-02,forecast,2025-10-01 11:09:44 EDT,65,Accu: Partly sunny,,,,,AccuWeather
2025-10-01 16:12:55 EDT,2025-10-01,forecast,2025-10-01 16:12:55 EDT,69,Accu: Sunny,,,,,AccuWeather
2025-10-01 18:08:50 EDT,2025-10-02,forecast,2025-10-01 18:08:50 EDT,67,Accu: Partly sunny,,,,,AccuWeather
2025-10-02 04:22:47,2025-10-03,forecast,2025-10-02 04:22:47,72,Intermittent clouds,,,,,AccuWeather
2025-10-02 15:17:14 EDT,2025-10-02,forecast,2025-10-02 15:17:14 EDT,65,Accu: Mostly sunny,,,,,AccuWeather
2025-10-02 18:11:05,2025-10-03,forecast,2025-10-02 18:11:05,73,Intermittent clouds,,,,,AccuWeather
2025-10-03 05:17:09,2025-10-04,forecast,2025-10-03 05:17:09,82,Sunny,,,,,AccuWeather
2025-10-03 05:22:20 EDT,2025-10-03,forecast,2025-10-03 05:22:20 EDT,72,Accu: Intermittent clouds,,,,,AccuWeather
2025-10-03 10:20:42 EDT,2025-10-04,forecast,2025-10-03 10:20:42 EDT,81,Accu: Sunny,,,,,AccuWeather
2025-10-03 11:22:42 EDT,2025-10-04,forecast,2025-10-03 11:22:42 EDT,82,Accu: Sunny,,,,,AccuWeather
2025-10-03 16:36:40,2025-10-03,forecast,2025-10-03 16:36:40,71,Mostly sunny,,,,,AccuWeather
2025-10-04 05:15:25,2025-10-05,forecast,2025-10-04 05:15:25,83,Sunny,,,,,AccuWeather
2025-10-04 16:21:49 EDT,2025-10-04,forecast,2025-10-04 16:21:49 EDT,81,Accu: Mostly sunny,,,,,AccuWeather
2025-10-04 17:17:39 EDT,2025-10-05,forecast,2025-10-04 17:17:39 EDT,84,Accu: Sunny,,,,,AccuWeather
2025-10-04 22:49:12 EDT,2025-10-05,forecast,2025-10-04 22:49:12 EDT,83,Accu: Sunny,,,,,AccuWeather
2025-10-05 05:14:23,2025-10-06,forecast,2025-10-05 05:14:23,80,Sunny,,,,,AccuWeather
2025-10-05 05:19:41 EDT,2025-10-05,forecast,2025-10-05 05:19:41 EDT,84,Accu: Sunny,,,,,AccuWeather
2025-10-05 12:24:44 EDT,2025-10-05,forecast,2025-10-05 12:24:44 EDT,83,Accu: Mostly sunny,,,,,AccuWeather
2025-10-05 15:38:22 EDT,2025-10-05,forecast,2025-10-05 15:38:22 EDT,84,Accu: Mostly sunny,,,,,AccuWeather
2025-10-05 18:04:23,2025-10-06,forecast,2025-10-05 18:04:23,81,Sunny,,,,,AccuWeather
2025-10-06 05:20:57,2025-10-07,forecast,2025-10-06 05:20:57,80,Intermittent clouds,,,,,AccuWeather
2025-10-06 05:27:24 EDT,2025-10-06,forecast,2025-10-06 05:27:24 EDT,80,Accu: Sunny,,,,,AccuWeather
2025-10-06 11:23:27 EDT,2025-10-06,forecast,2025-10-06 11:23:27 EDT,81,Accu: Sunny,,,,,AccuWeather
2025-10-06 15:18:22 EDT,2025-10-06,forecast,2025-10-06 15:18:22 EDT,80,Accu: Sunny,,,,,AccuWeather
2025-10-06 17:19:20 EDT,2025-10-07,forecast,2025-10-06 17:19:20 EDT,79,Accu: Intermittent clouds,,,,,AccuWeather
2025-10-06 17:38:54 EDT,2025-10-07,forecast,2025-10-06 17:38:54 EDT,80,Accu: Intermittent clouds,,,,,AccuWeather
2025-10-07 05:18:34,2025-10-08,forecast,2025-10-07 05:18:34,70,Rain,,,,,AccuWeather
2025-10-07 15:18:11 EDT,2025-10-07,forecast,2025-10-07 15:18:11 EDT,79,Accu: Intermittent clouds,,,,,AccuWeather
2025-10-08 05:18:28,2025-10-08,forecast,2025-10-08 05:18:28,69,Mostly cloudy w/ showers,,,,,AccuWeather
2025-10-08 05:18:28,2025-10-09,forecast,2025-10-08 05:18:28,62,Mostly sunny,,,,,AccuWeather
2025-10-08 11:18:54,2025-10-09,forecast,2025-10-08 11:18:54,60,Mostly sunny,,,,,AccuWeather
2025-10-09 05:18:24,2025-10-09,forecast,2025-10-09 05:18:24,61,Mostly sunny,,,,,AccuWeather
2025-10-09 05:18:24,2025-10-10,forecast,2025-10-09 05:18:24,62,Mostly sunny,,,,,AccuWeather
2025-10-09 11:07:05 EDT,2025-10-09,forecast,2025-10-09 11:07:05 EDT,60,Accu: Sunny,,,,,AccuWeather
2025-10-09 11:07:05 EDT,2025-10-10,forecast,2025-10-09 11:07:05 EDT,63,Accu: Mostly sunny,,,,,AccuWeather
2025-10-09 16:25:54 EDT,2025-10-09,forecast,2025-10-09 16:25:54 EDT,58,Accu: Sunny,,,,,AccuWeather
2025-10-09 17:19:50 EDT,2025-10-10,forecast,2025-10-09 17:19:50 EDT,62,Accu: Mostly sunny,,,,,AccuWeather
2025-10-09 17:39:03 EDT,2025-10-10,forecast,2025-10-09 17:39:03 EDT,63,Accu: Mostly sunny,,,,,AccuWeather
2025-10-10 05:18:45,2025-10-11,forecast,2025-10-10 05:18:45,67,Showers,,,,,AccuWeather
2025-10-10 05:24:49 EDT,2025-10-10,forecast,2025-10-10 05:24:49 EDT,62,Accu: Mostly sunny,,,,,AccuWeather
2025-10-10 11:22:38 EDT,2025-10-10,forecast,2025-10-10 11:22:38 EDT,63,Accu: Mostly sunny,,,,,AccuWeather
2025-10-10 15:38:47 EDT,2025-10-10,forecast,2025-10-10 15:38:47 EDT,62,Accu: Mostly cloudy,,,,,AccuWeather
2025-10-11 05:15:18,2025-10-11,forecast,2025-10-11 05:15:18,66,Showers,,,,,AccuWeather
2025-10-11 05:15:18,2025-10-12,forecast,2025-10-11 05:15:18,62,Rain,,,,,AccuWeather
2025-10-11 10:37:40 EDT,2025-10-11,forecast,2025-10-11 10:37:40 EDT,67,Accu: Showers,,,,,AccuWeather
2025-10-11 12:24:36 EDT,2025-10-11,forecast,2025-10-11 12:24:36 EDT,66,Accu: Showers,,,,,AccuWeather
2025-10-11 13:38:14 EDT,2025-10-11,forecast,2025-10-11 13:38:14 EDT,64,Accu: Showers,,,,,AccuWeather
2025-10-11 18:10:40,2025-10-12,forecast,2025-10-11 18:10:40,61,Rain,,,,,AccuWeather
2025-10-12 05:15:35,2025-10-12,forecast,2025-10-12 05:15:35,60,Rain,,,,,AccuWeather
2025-10-12 05:15:35,2025-10-13,forecast,2025-10-12 05:15:35,58,Rain,,,,,AccuWeather
2025-10-12 10:18:54 EDT,2025-10-13,forecast,2025-10-12 10:18:54 EDT,59,Accu: Rain,,,,,AccuWeather
2025-10-12 11:19:59 EDT,2025-10-12,forecast,2025-10-12 11:19:59 EDT,61,Accu: Rain,,,,,AccuWeather
2025-10-12 16:22:57 EDT,2025-10-12,forecast,2025-10-12 16:22:57 EDT,60,Accu: Rain,,,,,AccuWeather
2025-10-12 17:18:36 EDT,2025-10-13,forecast,2025-10-12 17:18:36 EDT,58,Accu: Rain,,,,,AccuWeather
2025-10-13 05:20:43,2025-10-14,forecast,2025-10-13 05:20:43,63,Showers,,,,,AccuWeather
2025-10-13 05:28:16 EDT,2025-10-13,forecast,2025-10-13 05:28:16 EDT,59,Accu: Rain,,,,,AccuWeather
2025-10-13 17:37:50 EDT,2025-10-13,forecast,2025-10-13 17:37:50 EDT,58,Accu: Rain,,,,,AccuWeather
2025-10-13 18:11:15,2025-10-14,forecast,2025-10-13 18:11:15,64,Showers,,,,,AccuWeather
2025-10-14 05:19:09,2025-10-14,forecast,2025-10-14 05:19:09,62,Showers,,,,,AccuWeather
2025-10-14 05:19:09,2025-10-15,forecast,2025-10-14 05:19:09,66,Partly sunny,,,,,AccuWeather
2025-10-14 15:39:07 EDT,2025-10-14,forecast,2025-10-14 15:39:07 EDT,61,Accu: Mostly cloudy,,,,,AccuWeather
2025-10-14 20:44:08,2025-10-15,forecast,2025-10-14 20:44:08,67,Partly sunny,,,,,AccuWeather
2025-10-15 05:18:58,2025-10-16,forecast,2025-10-15 05:18:58,58,Sunny,,,,,AccuWeather
2025-10-15 10:46:36 EDT,2025-10-16,forecast,2025-10-15 10:46:36 EDT,59,Accu: Sunny,,,,,AccuWeather
2025-10-15 15:39:11 EDT,2025-10-15,forecast,2025-10-15 15:39:11 EDT,68,Accu: Partly sunny,,,,,AccuWeather
2025-10-15 17:20:10 EDT,2025-10-16,forecast,2025-10-15 17:20:10 EDT,58,Accu: Sunny,,,,,AccuWeather
2025-10-15 17:39:27 EDT,2025-10-16,forecast,2025-10-15 17:39:27 EDT,59,Accu: Sunny,,,,,AccuWeather
2025-10-16 05:19:20,2025-10-17,forecast,2025-10-16 05:19:20,61,Sunny,,,,,AccuWeather
2025-10-16 10:24:05 EDT,2025-10-17,forecast,2025-10-16 10:24:05 EDT,62,Accu: Sunny,,,,,AccuWeather
2025-10-16 15:17:31 EDT,2025-10-16,forecast,2025-10-16 15:17:31 EDT,60,Accu: Sunny,,,,,AccuWeather
2025-10-16 16:25:31 EDT,2025-10-16,forecast,2025-10-16 16:25:31 EDT,61,Accu: Sunny,,,,,AccuWeather
2025-10-16 17:39:15 EDT,2025-10-16,forecast,2025-10-16 17:39:15 EDT,60,Accu: Sunny,,,,,AccuWeather
2025-10-17 05:19:10,2025-10-18,forecast,2025-10-17 05:19:10,65,Mostly cloudy,,,,,AccuWeather
2025-10-17 11:42:08 EDT,2025-10-17,forecast,2025-10-17 11:42:08 EDT,63,Accu: Sunny,,,,,AccuWeather
2025-10-17 16:25:27 EDT,2025-10-17,forecast,2025-10-17 16:25:27 EDT,62,Accu: Sunny,,,,,AccuWeather
2025-10-18 05:16:02,2025-10-18,forecast,2025-10-18 05:16:02,66,Mostly cloudy,,,,,AccuWeather
2025-10-18 05:16:02,2025-10-19,forecast,2025-10-18 05:16:02,71,Intermittent clouds,,,,,AccuWeather
2025-10-18 10:39:43 EDT,2025-10-18,forecast,2025-10-18 10:39:43 EDT,65,Accu: Mostly cloudy,,,,,AccuWeather
2025-10-18 10:39:43 EDT,2025-10-19,forecast,2025-10-18 10:39:43 EDT,72,Accu: Intermittent clouds,,,,,AccuWeather
2025-10-18 17:18:24 EDT,2025-10-19,forecast,2025-10-18 17:18:24 EDT,71,Accu: Intermittent clouds,,,,,AccuWeather
2025-10-19 05:15:40,2025-10-19,forecast,2025-10-19 05:15:40,73,Intermittent clouds,,,,,AccuWeather
2025-10-19 05:15:40,2025-10-20,forecast,2025-10-19 05:15:40,64,Showers,,,,,AccuWeather
2025-10-19 10:18:46 EDT,2025-10-20,forecast,2025-10-19 10:18:46 EDT,62,Accu: Showers,,,,,AccuWeather
2025-10-19 10:39:44 EDT,2025-10-19,forecast,2025-10-19 10:39:44 EDT,72,Accu: Intermittent clouds,,,,,AccuWeather
2025-10-19 10:39:44 EDT,2025-10-20,forecast,2025-10-19 10:39:44 EDT,64,Accu: Showers,,,,,AccuWeather
2025-10-19 13:38:46 EDT,2025-10-19,forecast,2025-10-19 13:38:46 EDT,69,Accu: Intermittent clouds,,,,,AccuWeather
2025-10-19 17:19:01 EDT,2025-10-20,forecast,2025-10-19 17:19:01 EDT,62,Accu: Showers,,,,,AccuWeather
2025-10-20 05:20:24,2025-10-20,forecast,2025-10-20 05:20:24,61,Mostly cloudy w/ showers,,,,,AccuWeather
2025-10-20 05:20:24,2025-10-21,forecast,2025-10-20 05:20:24,66,Mostly sunny,,,,,AccuWeather
2025-10-20 10:44:41 EDT,2025-10-20,forecast,2025-10-20 10:44:41 EDT,62,Accu: Mostly cloudy w/ showers,,,,,AccuWeather
2025-10-20 10:44:41 EDT,2025-10-21,forecast,2025-10-20 10:44:41 EDT,67,Accu: Mostly sunny,,,,,AccuWeather
2025-10-20 16:44:34 EDT,2025-10-20,forecast,2025-10-20 16:44:34 EDT,61,Accu: Showers,,,,,AccuWeather
2025-10-20 17:21:21 EDT,2025-10-21,forecast,2025-10-20 17:21:21 EDT,68,Accu: Mostly sunny,,,,,AccuWeather
2025-10-21 05:19:34,2025-10-22,forecast,2025-10-21 05:19:34,64,Intermittent clouds,,,,,AccuWeather
2025-10-21 14:33:52 EDT,2025-10-21,forecast,2025-10-21 14:33:52 EDT,66,Accu: Mostly sunny,,,,,AccuWeather
2025-10-21 17:21:17 EDT,2025-10-22,forecast,2025-10-21 17:21:17 EDT,63,Accu: Intermittent clouds,,,,,AccuWeather
2025-10-21 18:03:03,2025-10-22,forecast,2025-10-21 18:03:03,65,Intermittent clouds,,,,,AccuWeather
2025-10-22 05:20:13,2025-10-23,forecast,2025-10-22 05:20:13,59,Partly sunny,,,,,AccuWeather
2025-10-22 05:27:26 EDT,2025-10-22,forecast,2025-10-22 05:27:26 EDT,64,Accu: Intermittent clouds,,,,,AccuWeather
2025-10-22 15:39:57 EDT,2025-10-22,forecast,2025-10-22 15:39:57 EDT,62,Accu: Intermittent clouds,,,,,AccuWeather
2025-10-23 05:19:24,2025-10-23,forecast,2025-10-23 05:19:24,60,Partly sunny,,,,,AccuWeather
2025-10-23 05:19:24,2025-10-24,forecast,2025-10-23 05:19:24,59,Intermittent clouds,,,,,AccuWeather
2025-10-23 10:12:10,2025-10-24,forecast,2025-10-23 10:12:10,60,Intermittent clouds,,,,,AccuWeather
2025-10-24 05:19:08,2025-10-25,forecast,2025-10-24 05:19:08,58,Partly sunny,,,,,AccuWeather
2025-10-24 10:24:13 EDT,2025-10-25,forecast,2025-10-24 10:24:13 EDT,59,Accu: Partly sunny,,,,,AccuWeather
2025-10-24 10:46:07 EDT,2025-10-25,forecast,2025-10-24 10:46:07 EDT,58,Accu: Partly sunny,,,,,AccuWeather
2025-10-24 15:18:58 EDT,2025-10-24,forecast,2025-10-24 15:18:58 EDT,58,Accu: Partly sunny,,,,,AccuWeather
2025-10-24 16:43:07 EDT,2025-10-24,forecast,2025-10-24 16:43:07 EDT,59,Accu: Partly sunny,,,,,AccuWeather
2025-10-25 05:15:39,2025-10-26,forecast,2025-10-25 05:15:39,58,Intermittent clouds,,,,,AccuWeather
2025-10-25 11:15:39,2025-10-26,forecast,2025-10-25 11:15:39,57,Intermittent clouds,,,,,AccuWeather
2025-10-25 18:19:46 EDT,2025-10-26,forecast,2025-10-25 18:19:46 EDT,58,Accu: Intermittent clouds,,,,,AccuWeather
2025-10-26 05:15:34,2025-10-26,forecast,2025-10-26 05:15:34,59,Intermittent clouds,,,,,AccuWeather
2025-10-26 05:15:34,2025-10-27,forecast,2025-10-26 05:15:34,56,Intermittent clouds,,,,,AccuWeather
2025-10-26 11:15:59,2025-10-26,forecast,2025-10-26 11:15:59,60,Intermittent clouds,,,,,AccuWeather
2025-10-26 11:15:59,2025-10-27,forecast,2025-10-26 11:15:59,57,Intermittent clouds,,,,,AccuWeather
2025-10-26 15:17:31 EDT,2025-10-26,forecast,2025-10-26 15:17:31 EDT,59,Accu: Partly sunny,,,,,AccuWeather
2025-10-26 17:38:52 EDT,2025-10-27,forecast,2025-10-26 17:38:52 EDT,56,Accu: Partly sunny,,,,,AccuWeather
2025-10-27 05:21:45,2025-10-28,forecast,2025-10-27 05:21:45,58,Intermittent clouds,,,,,AccuWeather
2025-10-27 05:28:31 EDT,2025-10-27,forecast,2025-10-27 05:28:31 EDT,57,Accu: Partly sunny,,,,,AccuWeather
2025-10-27 11:19:30,2025-10-28,forecast,2025-10-27 11:19:30,57,Intermittent clouds,,,,,AccuWeather
2025-10-27 15:29:41,2025-10-27,forecast,2025-10-27 15:29:41,55,Mostly sunny,,,,,AccuWeather
2025-10-28 05:19:03,2025-10-29,forecast,2025-10-28 05:19:03,56,Cloudy,,,,,AccuWeather
2025-10-28 10:25:03 EDT,2025-10-29,forecast,2025-10-28 10:25:03 EDT,57,Accu: Cloudy,,,,,AccuWeather
2025-10-28 11:20:12,2025-10-29,forecast,2025-10-28 11:20:12,55,Cloudy,,,,,AccuWeather
2025-10-28 13:32:04,2025-10-28,forecast,2025-10-28 13:32:04,55,Mostly cloudy w/ showers,,,,,AccuWeather
2025-10-28 14:35:55 EDT,2025-10-28,forecast,2025-10-28 14:35:55 EDT,53,Accu: Mostly cloudy w/ showers,,,,,AccuWeather
2025-10-28 17:21:20 EDT,2025-10-29,forecast,2025-10-28 17:21:20 EDT,58,Accu: Cloudy,,,,,AccuWeather
2025-10-29 05:18:29,2025-10-30,forecast,2025-10-29 05:18:29,62,Rain,,,,,AccuWeather
2025-10-29 05:25:12 EDT,2025-10-29,forecast,2025-10-29 05:25:12 EDT,55,Accu: Mostly cloudy,,,,,AccuWeather
2025-10-29 11:20:25,2025-10-30,forecast,2025-10-29 11:20:25,60,Rain,,,,,AccuWeather
2025-10-29 14:34:44 EDT,2025-10-29,forecast,2025-10-29 14:34:44 EDT,56,Accu: Mostly cloudy,,,,,AccuWeather
2025-10-29 17:21:19 EDT,2025-10-30,forecast,2025-10-29 17:21:19 EDT,61,Accu: Rain,,,,,AccuWeather
2025-10-30 05:19:16,2025-10-30,forecast,2025-10-30 05:19:16,63,Rain,,,,,AccuWeather
2025-10-30 05:19:16,2025-10-31,forecast,2025-10-30 05:19:16,55,Intermittent clouds,,,,,AccuWeather
2025-10-30 11:19:54,2025-10-31,forecast,2025-10-30 11:19:54,56,Intermittent clouds,,,,,AccuWeather
2025-10-30 17:21:20 EDT,2025-10-30,forecast,2025-10-30 17:21:20 EDT,62,Accu: Rain,,,,,AccuWeather
2025-10-30 18:11:57,2025-10-31,forecast,2025-10-30 18:11:57,57,Windy,,,,,AccuWeather
2025-10-31 05:19:19,2025-11-01,forecast,2025-10-31 05:19:19,57,Partly sunny,,,,,AccuWeather
2025-10-31 05:25:58 EDT,2025-10-31,forecast,2025-10-31 05:25:58 EDT,56,Accu: Windy,,,,,AccuWeather
2025-10-31 14:34:17 EDT,2025-10-31,forecast,2025-10-31 14:34:17 EDT,57,Accu: Windy,,,,,AccuWeather
2025-10-31 15:17:30 EDT,2025-10-31,forecast,2025-10-31 15:17:30 EDT,58,Accu: Windy,,,,,AccuWeather
2025-10-31 16:26:18 EDT,2025-10-31,forecast,2025-10-31 16:26:18 EDT,57,Accu: Windy,,,,,AccuWeather
2025-11-01 05:16:28,2025-11-02,forecast,2025-11-01 05:16:28,59,Mostly sunny,,,,,AccuWeather
2025-11-01 10:09:34,2025-11-02,forecast,2025-11-01 10:09:34,60,Mostly sunny,,,,,AccuWeather
2025-11-01 12:42:29 EDT,2025-11-02,forecast,2025-11-01 12:42:29 EDT,59,Accu: Mostly sunny,,,,,AccuWeather
2025-11-01 14:30:54,2025-11-01,forecast,2025-11-01 14:30:54,58,Partly sunny,,,,,AccuWeather
2025-11-01 15:15:59 EDT,2025-11-02,forecast,2025-11-01 15:15:59 EDT,60,Accu: Mostly sunny,,,,,AccuWeather
2025-11-01 17:18:19 EDT,2025-11-02,forecast,2025-11-01 17:18:19 EDT,61,Accu: Mostly sunny,,,,,AccuWeather
2025-11-02 04:15:28,2025-11-03,forecast,2025-11-02 04:15:28,60,Mostly cloudy w/ showers,,,,,AccuWeather
2025-11-02 04:20:46 EST,2025-11-02,forecast,2025-11-02 04:20:46 EST,59,Accu: Mostly sunny,,,,,AccuWeather
2025-11-02 10:20:45 EST,2025-11-02,forecast,2025-11-02 10:20:45 EST,60,Accu: Mostly sunny,,,,,AccuWeather
2025-11-02 10:20:45 EST,2025-11-03,forecast,2025-11-02 10:20:45 EST,59,Accu: Mostly cloudy w/ showers,,,,,AccuWeather
2025-11-02 10:39:01 EST,2025-11-03,forecast,2025-11-02 10:39:01 EST,60,Accu: Mostly cloudy w/ showers,,,,,AccuWeather
2025-11-02 14:16:07 EST,2025-11-02,forecast,2025-11-02 14:16:07 EST,59,Accu: Mostly sunny,,,,,AccuWeather
2025-11-03 04:21:36,2025-11-04,forecast,2025-11-03 04:21:36,61,Sunny,,,,,AccuWeather
2025-11-03 10:19:27,2025-11-04,forecast,2025-11-03 10:19:27,60,Sunny,,,,,AccuWeather
2025-11-03 10:25:24 EST,2025-11-03,forecast,2025-11-03 10:25:24 EST,62,Accu: Mostly cloudy w/ showers,,,,,AccuWeather
2025-11-03 11:28:07 EST,2025-11-03,forecast,2025-11-03 11:28:07 EST,59,Accu: Mostly cloudy w/ showers,,,,,AccuWeather
2025-11-03 16:21:18 EST,2025-11-04,forecast,2025-11-03 16:21:18 EST,59,Accu: Sunny,,,,,AccuWeather
2025-11-04 04:20:29,2025-11-05,forecast,2025-11-04 04:20:29,65,Intermittent clouds,,,,,AccuWeather
2025-11-04 10:45:48 EST,2025-11-04,forecast,2025-11-04 10:45:48 EST,60,Accu: Sunny,,,,,AccuWeather
2025-11-04 15:27:37 EST,2025-11-04,forecast,2025-11-04 15:27:37 EST,59,Accu: Sunny,,,,,AccuWeather
2025-11-04 16:21:44 EST,2025-11-05,forecast,2025-11-04 16:21:44 EST,64,Accu: Intermittent clouds,,,,,AccuWeather
2025-11-04 17:22:01 EST,2025-11-05,forecast,2025-11-04 17:22:01 EST,65,Accu: Intermittent clouds,,,,,AccuWeather
2025-11-05 04:19:49,2025-11-05,forecast,2025-11-05 04:19:49,63,Intermittent clouds,,,,,AccuWeather
2025-11-05 04:19:49,2025-11-06,forecast,2025-11-05 04:19:49,53,Mostly sunny,,,,,AccuWeather
2025-11-05 10:44:25 EST,2025-11-05,forecast,2025-11-05 10:44:25 EST,65,Accu: Intermittent clouds,,,,,AccuWeather
2025-11-05 10:44:25 EST,2025-11-06,forecast,2025-11-05 10:44:25 EST,54,Accu: Mostly sunny,,,,,AccuWeather
2025-11-05 16:22:10 EST,2025-11-05,forecast,2025-11-05 16:22:10 EST,66,Accu: Intermittent clouds,,,,,AccuWeather
2025-11-05 16:22:10 EST,2025-11-06,forecast,2025-11-05 16:22:10 EST,53,Accu: Mostly sunny,,,,,AccuWeather
2025-11-06 04:19:55,2025-11-07,forecast,2025-11-06 04:19:55,59,Mostly cloudy,,,,,AccuWeather
2025-11-06 10:46:57 EST,2025-11-07,forecast,2025-11-06 10:46:57 EST,58,Accu: Mostly cloudy,,,,,AccuWeather
2025-11-06 16:21:07 EST,2025-11-07,forecast,2025-11-06 16:21:07 EST,59,Accu: Mostly cloudy,,,,,AccuWeather
2025-11-06 17:42:57 EST,2025-11-07,forecast,2025-11-06 17:42:57 EST,60,Accu: Mostly cloudy,,,,,AccuWeather
2025-11-07 04:18:20,2025-11-08,forecast,2025-11-07 04:18:20,63,Intermittent clouds,,,,,AccuWeather
2025-11-07 10:18:32,2025-11-08,forecast,2025-11-07 10:18:32,64,Intermittent clouds,,,,,AccuWeather
2025-11-07 17:41:24 EST,2025-11-08,forecast,2025-11-07 17:41:24 EST,63,Accu: Intermittent clouds,,,,,AccuWeather
2025-11-08 04:16:04,2025-11-09,forecast,2025-11-08 04:16:04,62,Rain,,,,,AccuWeather
2025-11-08 04:21:27 EST,2025-11-08,forecast,2025-11-08 04:21:27 EST,64,Accu: Intermittent clouds,,,,,AccuWeather
2025-11-08 14:16:58 EST,2025-11-08,forecast,2025-11-08 14:16:58 EST,65,Accu: Intermittent clouds,,,,,AccuWeather
2025-11-08 15:22:25 EST,2025-11-08,forecast,2025-11-08 15:22:25 EST,66,Accu: Intermittent clouds,,,,,AccuWeather
2025-11-08 16:18:36 EST,2025-11-08,forecast,2025-11-08 16:18:36 EST,65,Accu: Intermittent clouds,,,,,AccuWeather
2025-11-08 16:18:36 EST,2025-11-09,forecast,2025-11-08 16:18:36 EST,61,Accu: Rain,,,,,AccuWeather
2025-11-08 18:20:14 EST,2025-11-09,forecast,2025-11-08 18:20:14 EST,60,Accu: Rain,,,,,AccuWeather
2025-11-09 04:15:52,2025-11-09,forecast,2025-11-09 04:15:52,63,Rain,,,,,AccuWeather
2025-11-09 04:15:52,2025-11-10,forecast,2025-11-09 04:15:52,56,Intermittent clouds,,,,,AccuWeather
2025-11-09 10:20:18 EST,2025-11-09,forecast,2025-11-09 10:20:18 EST,64,Accu: Rain,,,,,AccuWeather
2025-11-09 10:20:18 EST,2025-11-10,forecast,2025-11-09 10:20:18 EST,55,Accu: Intermittent clouds,,,,,AccuWeather
2025-11-09 12:17:59 EST,2025-11-09,forecast,2025-11-09 12:17:59 EST,62,Accu: Rain,,,,,AccuWeather
2025-11-09 13:29:42 EST,2025-11-09,forecast,2025-11-09 13:29:42 EST,63,Accu: Mostly cloudy w/ showers,,,,,AccuWeather
2025-11-09 16:19:13 EST,2025-11-10,forecast,2025-11-09 16:19:13 EST,56,Accu: Intermittent clouds,,,,,AccuWeather
2025-11-09 17:20:36 EST,2025-11-10,forecast,2025-11-09 17:20:36 EST,55,Accu: Intermittent clouds,,,,,AccuWeather
2025-11-10 04:21:32,2025-11-11,forecast,2025-11-10 04:21:32,43,Intermittent clouds,,,,,AccuWeather
2025-11-10 04:47:19 EST,2025-11-10,forecast,2025-11-10 04:47:19 EST,53,Accu: Partly sunny w/ showers,,,,,AccuWeather
2025-11-10 07:51:38 EST,2025-11-10,forecast,2025-11-10 07:51:38 EST,54,Accu: Partly sunny w/ showers,,,,,AccuWeather
2025-11-10 10:20:21,2025-11-11,forecast,2025-11-10 10:20:21,42,Partly sunny w/ flurries,,,,,AccuWeather
2025-11-10 10:26:59 EST,2025-11-10,forecast,2025-11-10 10:26:59 EST,55,Accu: Partly sunny w/ showers,,,,,AccuWeather
2025-11-10 11:32:40 EST,2025-11-11,forecast,2025-11-10 11:32:40 EST,43,Accu: Partly sunny w/ flurries,,,,,AccuWeather
2025-11-10 17:23:16 EST,2025-11-11,forecast,2025-11-10 17:23:16 EST,42,Accu: Partly sunny w/ flurries,,,,,AccuWeather
2025-11-11 04:20:14,2025-11-12,forecast,2025-11-11 04:20:14,50,Intermittent clouds,,,,,AccuWeather
2025-11-11 10:19:37,2025-11-12,forecast,2025-11-11 10:19:37,48,Intermittent clouds,,,,,AccuWeather
2025-11-11 10:26:24 EST,2025-11-11,forecast,2025-11-11 10:26:24 EST,43,Accu: Mostly cloudy w/ flurries,,,,,AccuWeather
2025-11-11 10:44:29 EST,2025-11-12,forecast,2025-11-11 10:44:29 EST,49,Accu: Intermittent clouds,,,,,AccuWeather
2025-11-11 16:21:19 EST,2025-11-11,forecast,2025-11-11 16:21:19 EST,42,Accu: Flurries,,,,,AccuWeather
2025-11-11 16:21:19 EST,2025-11-12,forecast,2025-11-11 16:21:19 EST,50,Accu: Intermittent clouds,,,,,AccuWeather
2025-11-11 18:21:13 EST,2025-11-11,forecast,2025-11-11 18:21:13 EST,40,Accu: Flurries,,,,,AccuWeather
2025-11-12 04:20:07,2025-11-13,forecast,2025-11-12 04:20:07,51,Partly sunny,,,,,AccuWeather
2025-11-12 04:26:46 EST,2025-11-12,forecast,2025-11-12 04:26:46 EST,49,Accu: Intermittent clouds,,,,,AccuWeather
2025-11-12 10:20:42,2025-11-13,forecast,2025-11-12 10:20:42,52,Partly sunny,,,,,AccuWeather
2025-11-12 16:22:18 EST,2025-11-12,forecast,2025-11-12 16:22:18 EST,48,Accu: Showers,,,,,AccuWeather
2025-11-12 16:22:18 EST,2025-11-13,forecast,2025-11-12 16:22:18 EST,51,Accu: Intermittent clouds,,,,,AccuWeather
2025-11-12 18:22:57 EST,2025-11-12,forecast,2025-11-12 18:22:57 EST,49,Accu: Showers,,,,,AccuWeather
2025-11-12 19:21:22 EST,2025-11-12,forecast,2025-11-12 19:21:22 EST,50,Accu: Mostly cloudy,,,,,AccuWeather
2025-11-13 04:20:32,2025-11-14,forecast,2025-11-13 04:20:32,48,Intermittent clouds,,,,,AccuWeather
2025-11-13 10:21:00,2025-11-14,forecast,2025-11-13 10:21:00,49,Intermittent clouds,,,,,AccuWeather
2025-11-13 10:43:55 EST,2025-11-13,forecast,2025-11-13 10:43:55 EST,52,Accu: Mostly cloudy,,,,,AccuWeather
2025-11-13 10:43:55 EST,2025-11-14,forecast,2025-11-13 10:43:55 EST,48,Accu: Intermittent clouds,,,,,AccuWeather
2025-11-13 13:34:18 EST,2025-11-13,forecast,2025-11-13 13:34:18 EST,49,Accu: Mostly cloudy w/ showers,,,,,AccuWeather
2025-11-13 15:27:21 EST,2025-11-13,forecast,2025-11-13 15:27:21 EST,52,Accu: Mostly cloudy w/ showers,,,,,AccuWeather
2025-11-13 16:21:54 EST,2025-11-13,forecast,2025-11-13 16:21:54 EST,51,Accu: Mostly cloudy w/ showers,,,,,AccuWeather
2025-11-13 16:21:54 EST,2025-11-14,forecast,2025-11-13 16:21:54 EST,49,Accu: Intermittent clouds,,,,,AccuWeather
2025-11-14 04:19:39,2025-11-14,forecast,2025-11-14 04:19:39,51,Partly sunny,,,,,AccuWeather
2025-11-14 04:19:39,2025-11-15,forecast,2025-11-14 04:19:39,51,Mostly cloudy,,,,,AccuWeather
2025-11-14 10:17:10,2025-11-15,forecast,2025-11-14 10:17:10,52,Mostly cloudy w/ showers,,,,,AccuWeather
2025-11-14 10:42:09 EST,2025-11-14,forecast,2025-11-14 10:42:09 EST,52,Accu: Partly sunny,,,,,AccuWeather
2025-11-14 15:26:59 EST,2025-11-14,forecast,2025-11-14 15:26:59 EST,51,Accu: Intermittent clouds,,,,,AccuWeather
2025-11-14 16:21:54 EST,2025-11-15,forecast,2025-11-14 16:21:54 EST,51,Accu: Mostly cloudy w/ showers,,,,,AccuWeather
2025-11-15 04:16:30,2025-11-16,forecast,2025-11-15 04:16:30,57,Mostly cloudy,,,,,AccuWeather
2025-11-15 10:16:33,2025-11-16,forecast,2025-11-15 10:16:33,56,Mostly cloudy,,,,,AccuWeather
2025-11-15 10:21:35 EST,2025-11-15,forecast,2025-11-15 10:21:35 EST,52,Accu: Mostly cloudy w/ showers,,,,,AccuWeather
2025-11-15 10:40:18 EST,2025-11-16,forecast,2025-11-15 10:40:18 EST,55,Accu: Mostly cloudy,,,,,AccuWeather
2025-11-15 11:26:26 EST,2025-11-15,forecast,2025-11-15 11:26:26 EST,51,Accu: Mostly cloudy w/ showers,,,,,AccuWeather
2025-11-15 14:16:42 EST,2025-11-15,forecast,2025-11-15 14:16:42 EST,50,Accu: Mostly cloudy w/ showers,,,,,AccuWeather
2025-11-15 17:09:10,2025-11-16,forecast,2025-11-15 17:09:10,54,Mostly cloudy,,,,,AccuWeather
2025-11-16 04:16:53,2025-11-16,forecast,2025-11-16 04:16:53,53,Mostly cloudy,,,,,AccuWeather
2025-11-16 04:16:53,2025-11-17,forecast,2025-11-16 04:16:53,44,Partly sunny,,,,,AccuWeather
2025-11-16 07:43:22 EST,2025-11-16,forecast,2025-11-16 07:43:22 EST,54,Accu: Mostly cloudy,,,,,AccuWeather
2025-11-16 10:21:19 EST,2025-11-16,forecast,2025-11-16 10:21:19 EST,55,Accu: Partly sunny w/ showers,,,,,AccuWeather
2025-11-16 10:39:28 EST,2025-11-17,forecast,2025-11-16 10:39:28 EST,45,Accu: Partly sunny,,,,,AccuWeather
2025-11-16 13:31:33 EST,2025-11-16,forecast,2025-11-16 13:31:33 EST,56,Accu: Partly sunny w/ showers,,,,,AccuWeather
2025-11-16 17:11:23,2025-11-17,forecast,2025-11-16 17:11:23,46,Partly sunny,,,,,AccuWeather
2025-11-17 04:22:46,2025-11-18,forecast,2025-11-17 04:22:46,47,Intermittent clouds,,,,,AccuWeather
2025-11-17 04:29:48 EST,2025-11-17,forecast,2025-11-17 04:29:48 EST,44,Accu: Partly sunny,,,,,AccuWeather
2025-11-17 10:20:47,2025-11-18,forecast,2025-11-17 10:20:47,48,Intermittent clouds,,,,,AccuWeather
2025-11-17 10:46:25 EST,2025-11-17,forecast,2025-11-17 10:46:25 EST,45,Accu: Partly sunny,,,,,AccuWeather
2025-11-17 15:27:39 EST,2025-11-17,forecast,2025-11-17 15:27:39 EST,43,Accu: Intermittent clouds,,,,,AccuWeather
2025-11-17 16:22:20 EST,2025-11-18,forecast,2025-11-17 16:22:20 EST,49,Accu: Intermittent clouds,,,,,AccuWeather
2025-11-18 04:20:16,2025-11-19,forecast,2025-11-18 04:20:16,49,Mostly cloudy w/ showers,,,,,AccuWeather
2025-11-18 04:26:59 EST,2025-11-18,forecast,2025-11-18 04:26:59 EST,48,Accu: Intermittent clouds,,,,,AccuWeather
2025-11-18 10:20:51,2025-11-19,forecast,2025-11-18 10:20:51,48,Mostly cloudy w/ showers,,,,,AccuWeather
2025-11-18 15:28:42 EST,2025-11-18,forecast,2025-11-18 15:28:42 EST,46,Accu: Partly sunny w/ showers,,,,,AccuWeather
2025-11-18 17:12:29,2025-11-18,forecast,2025-11-18 17:12:29,45,Partly sunny w/ showers,,,,,AccuWeather
2025-11-18 17:24:04 EST,2025-11-19,forecast,2025-11-18 17:24:04 EST,47,Accu: Mostly cloudy w/ showers,,,,,AccuWeather
2025-11-19 04:20:25,2025-11-20,forecast,2025-11-19 04:20:25,49,Mostly cloudy,,,,,AccuWeather
2025-11-19 10:41:51 EST,2025-11-19,forecast,2025-11-19 10:41:51 EST,48,Accu: Mostly cloudy w/ showers,,,,,AccuWeather
2025-11-19 15:24:05 EST,2025-11-19,forecast,2025-11-19 15:24:05 EST,46,Accu: Mostly cloudy w/ showers,,,,,AccuWeather
2025-11-19 16:18:38 EST,2025-11-19,forecast,2025-11-19 16:18:38 EST,47,Accu: Mostly cloudy w/ showers,,,,,AccuWeather
2025-11-19 16:18:38 EST,2025-11-20,forecast,2025-11-19 16:18:38 EST,48,Accu: Mostly cloudy,,,,,AccuWeather
2025-11-20 04:19:14,2025-11-21,forecast,2025-11-20 04:19:14,54,Cloudy,,,,,AccuWeather
2025-11-20 04:26:14 EST,2025-11-20,forecast,2025-11-20 04:26:14 EST,49,Accu: Mostly cloudy,,,,,AccuWeather
2025-11-20 10:19:50,2025-11-21,forecast,2025-11-20 10:19:50,53,Cloudy,,,,,AccuWeather
2025-11-20 14:19:11 EST,2025-11-20,forecast,2025-11-20 14:19:11 EST,46,Accu: Partly sunny,,,,,AccuWeather
2025-11-20 16:38:21 EST,2025-11-21,forecast,2025-11-20 16:38:21 EST,52,Accu: Mostly cloudy,,,,,AccuWeather
2025-11-21 04:19:08,2025-11-21,forecast,2025-11-21 04:19:08,55,Cloudy,,,,,AccuWeather
2025-11-21 04:19:08,2025-11-22,forecast,2025-11-21 04:19:08,52,Mostly cloudy w/ showers,,,,,AccuWeather
2025-11-21 10:38:53 EST,2025-11-21,forecast,2025-11-21 10:38:53 EST,53,Accu: Cloudy,,,,,AccuWeather
2025-11-21 15:27:26 EST,2025-11-21,forecast,2025-11-21 15:27:26 EST,52,Accu: Cloudy,,,,,AccuWeather
2025-11-21 16:21:32 EST,2025-11-22,forecast,2025-11-21 16:21:32 EST,51,Accu: Mostly cloudy w/ showers,,,,,AccuWeather
2025-11-22 04:16:59,2025-11-23,forecast,2025-11-22 04:16:59,48,Mostly cloudy,,,,,AccuWeather
2025-11-22 04:22:47 EST,2025-11-22,forecast,2025-11-22 04:22:47 EST,52,Accu: Mostly cloudy w/ showers,,,,,AccuWeather
2025-11-22 15:25:29 EST,2025-11-22,forecast,2025-11-22 15:25:29 EST,51,Accu: Mostly cloudy w/ showers,,,,,AccuWeather
2025-11-22 16:20:09 EST,2025-11-23,forecast,2025-11-22 16:20:09 EST,49,Accu: Mostly cloudy,,,,,AccuWeather
2025-11-23 04:17:02,2025-11-23,forecast,2025-11-23 04:17:02,50,Intermittent clouds,,,,,AccuWeather
2025-11-23 04:17:02,2025-11-24,forecast,2025-11-23 04:17:02,52,Mostly sunny,,,,,AccuWeather
2025-11-23 10:16:13,2025-11-24,forecast,2025-11-23 10:16:13,51,Mostly sunny,,,,,AccuWeather
2025-11-23 10:39:44 EST,2025-11-24,forecast,2025-11-23 10:39:44 EST,52,Accu: Mostly sunny,,,,,AccuWeather
2025-11-23 15:26:28 EST,2025-11-23,forecast,2025-11-23 15:26:28 EST,48,Accu: Showers,,,,,AccuWeather
2025-11-23 16:20:49 EST,2025-11-24,forecast,2025-11-23 16:20:49 EST,51,Accu: Mostly sunny,,,,,AccuWeather
2025-11-23 17:12:05,2025-11-24,forecast,2025-11-23 17:12:05,53,Mostly sunny,,,,,AccuWeather
2025-11-24 04:22:46,2025-11-25,forecast,2025-11-24 04:22:46,54,Showers,,,,,AccuWeather
2025-11-24 04:30:32 EST,2025-11-24,forecast,2025-11-24 04:30:32 EST,51,Accu: Mostly sunny,,,,,AccuWeather
2025-11-24 05:28:15 EST,2025-11-24,forecast,2025-11-24 05:28:15 EST,52,Accu: Mostly sunny,,,,,AccuWeather
2025-11-24 05:28:15 EST,2025-11-25,forecast,2025-11-24 05:28:15 EST,53,Accu: Showers,,,,,AccuWeather
2025-11-24 10:21:17,2025-11-25,forecast,2025-11-24 10:21:17,55,Showers,,,,,AccuWeather
2025-11-25 04:21:15,2025-11-25,forecast,2025-11-25 04:21:15,56,Showers,,,,,AccuWeather
2025-11-25 04:21:15,2025-11-26,forecast,2025-11-25 04:21:15,63,Showers,,,,,AccuWeather
2025-11-25 10:20:42,2025-11-26,forecast,2025-11-25 10:20:42,62,Showers,,,,,AccuWeather
2025-11-25 10:47:36 EST,2025-11-25,forecast,2025-11-25 10:47:36 EST,55,Accu: Showers,,,,,AccuWeather
2025-11-25 11:33:33 EST,2025-11-25,forecast,2025-11-25 11:33:33 EST,54,Accu: Showers,,,,,AccuWeather
2025-11-25 13:36:59 EST,2025-11-25,forecast,2025-11-25 13:36:59 EST,55,Accu: Showers,,,,,AccuWeather
2025-11-26 04:20:42,2025-11-26,forecast,2025-11-26 04:20:42,61,Showers,,,,,AccuWeather
2025-11-26 04:20:42,2025-11-27,forecast,2025-11-26 04:20:42,45,Mostly sunny,,,,,AccuWeather
2025-11-26 10:24:34 EST,2025-11-26,forecast,2025-11-26 10:24:34 EST,62,Accu: Showers,,,,,AccuWeather
2025-11-26 13:31:47 EST,2025-11-26,forecast,2025-11-26 13:31:47 EST,60,Accu: Showers,,,,,AccuWeather
2025-11-26 17:12:41,2025-11-26,forecast,2025-11-26 17:12:41,59,Showers,,,,,AccuWeather
2025-11-27 04:20:29,2025-11-27,forecast,2025-11-27 04:20:29,46,Intermittent clouds,,,,,AccuWeather
2025-11-27 04:20:29,2025-11-28,forecast,2025-11-27 04:20:29,44,Partly sunny w/ flurries,,,,,AccuWeather
2025-11-27 10:25:39 EST,2025-11-27,forecast,2025-11-27 10:25:39 EST,45,Accu: Intermittent clouds,,,,,AccuWeather
2025-11-27 10:25:39 EST,2025-11-28,forecast,2025-11-27 10:25:39 EST,43,Accu: Partly sunny w/ flurries,,,,,AccuWeather
2025-11-27 10:43:10 EST,2025-11-27,forecast,2025-11-27 10:43:10 EST,47,Accu: Intermittent clouds,,,,,AccuWeather
2025-11-27 14:18:58 EST,2025-11-27,forecast,2025-11-27 14:18:58 EST,46,Accu: Intermittent clouds,,,,,AccuWeather
2025-11-27 16:39:11 EST,2025-11-28,forecast,2025-11-27 16:39:11 EST,42,Accu: Partly sunny w/ flurries,,,,,AccuWeather
2025-11-28 04:19:04,2025-11-29,forecast,2025-11-28 04:19:04,43,Sunny,,,,,AccuWeather
2025-11-28 04:25:58 EST,2025-11-28,forecast,2025-11-28 04:25:58 EST,44,Accu: Partly sunny w/ flurries,,,,,AccuWeather
2025-11-28 10:25:09 EST,2025-11-28,forecast,2025-11-28 10:25:09 EST,43,Accu: Partly sunny w/ flurries,,,,,AccuWeather
2025-11-28 17:11:54,2025-11-29,forecast,2025-11-28 17:11:54,42,Sunny,,,,,AccuWeather
2025-11-29 04:17:36,2025-11-30,forecast,2025-11-29 04:17:36,48,Rain,,,,,AccuWeather
2025-11-29 04:24:04 EST,2025-11-29,forecast,2025-11-29 04:24:04 EST,43,Accu: Sunny,,,,,AccuWeather
2025-11-29 14:18:54 EST,2025-11-29,forecast,2025-11-29 14:18:54 EST,42,Accu: Sunny,,,,,AccuWeather
2025-11-29 16:20:53 EST,2025-11-30,forecast,2025-11-29 16:20:53 EST,47,Accu: Rain,,,,,AccuWeather
2025-11-29 17:11:39,2025-11-30,forecast,2025-11-29 17:11:39,45,Rain,,,,,AccuWeather
2025-11-30 04:17:09,2025-11-30,forecast,2025-11-30 04:17:09,46,Rain,,,,,AccuWeather
2025-11-30 04:17:09,2025-12-01,forecast,2025-11-30 04:17:09,43,Partly sunny,,,,,AccuWeather
2025-11-30 10:16:54,2025-12-01,forecast,2025-11-30 10:16:54,42,Partly sunny,,,,,AccuWeather
2025-11-30 10:40:16 EST,2025-11-30,forecast,2025-11-30 10:40:16 EST,47,Accu: Rain,,,,,AccuWeather
2025-11-30 11:28:28 EST,2025-11-30,forecast,2025-11-30 11:28:28 EST,46,Accu: Rain,,,,,AccuWeather
2025-11-30 13:32:58 EST,2025-11-30,forecast,2025-11-30 13:32:58 EST,47,Accu: Rain,,,,,AccuWeather
2025-12-01 04:26:22,2025-12-02,forecast,2025-12-01 04:26:22,40,Rain and snow,,,,,AccuWeather
2025-12-01 10:27:21 EST,2025-12-01,forecast,2025-12-01 10:27:21 EST,43,Accu: Mostly sunny,,,,,AccuWeather
2025-12-01 16:20:49 EST,2025-12-02,forecast,2025-12-01 16:20:49 EST,41,Accu: Rain,,,,,AccuWeather
2025-12-02 04:24:34,2025-12-03,forecast,2025-12-02 04:24:34,41,Mostly sunny,,,,,AccuWeather
2025-12-02 07:54:11 EST,2025-12-02,forecast,2025-12-02 07:54:11 EST,40,Accu: Rain,,,,,AccuWeather
2025-12-02 09:50:50 EST,2025-12-02,forecast,2025-12-02 09:50:50 EST,41,Accu: Rain,,,,,AccuWeather
2025-12-02 10:29:32 EST,2025-12-02,forecast,2025-12-02 10:29:32 EST,40,Accu: Rain,,,,,AccuWeather
2025-12-02 10:50:08 EST,2025-12-03,forecast,2025-12-02 10:50:08 EST,42,Accu: Mostly sunny,,,,,AccuWeather
2025-12-02 16:24:34 EST,2025-12-03,forecast,2025-12-02 16:24:34 EST,41,Accu: Mostly sunny,,,,,AccuWeather
2025-12-03 04:22:41,2025-12-04,forecast,2025-12-03 04:22:41,40,Intermittent clouds,,,,,AccuWeather
2025-12-03 10:21:17,2025-12-04,forecast,2025-12-03 10:21:17,41,Intermittent clouds,,,,,AccuWeather
2025-12-03 10:29:14 EST,2025-12-04,forecast,2025-12-03 10:29:14 EST,42,Accu: Intermittent clouds,,,,,AccuWeather
2025-12-03 15:29:44 EST,2025-12-03,forecast,2025-12-03 15:29:44 EST,40,Accu: Mostly sunny,,,,,AccuWeather
2025-12-03 15:49:16 EST,2025-12-03,forecast,2025-12-03 15:49:16 EST,39,Accu: Mostly sunny,,,,,AccuWeather
2025-12-03 16:21:43 EST,2025-12-03,forecast,2025-12-03 16:21:43 EST,40,Accu: Mostly sunny,,,,,AccuWeather
2025-12-03 16:21:43 EST,2025-12-04,forecast,2025-12-03 16:21:43 EST,41,Accu: Partly sunny w/ flurries,,,,,AccuWeather
2025-12-03 17:25:21 EST,2025-12-04,forecast,2025-12-03 17:25:21 EST,40,Accu: Partly sunny w/ flurries,,,,,AccuWeather
2025-12-04 04:22:50,2025-12-05,forecast,2025-12-04 04:22:50,33,Intermittent clouds,,,,,AccuWeather
2025-12-04 04:29:41 EST,2025-12-04,forecast,2025-12-04 04:29:41 EST,41,Accu: Partly sunny w/ flurries,,,,,AccuWeather
2025-12-04 10:22:05,2025-12-05,forecast,2025-12-04 10:22:05,32,Intermittent clouds,,,,,AccuWeather
2025-12-04 10:49:34 EST,2025-12-05,forecast,2025-12-04 10:49:34 EST,33,Accu: Intermittent clouds,,,,,AccuWeather
2025-12-04 13:38:59 EST,2025-12-04,forecast,2025-12-04 13:38:59 EST,42,Accu: Partly sunny w/ flurries,,,,,AccuWeather
2025-12-04 14:21:49 EST,2025-12-04,forecast,2025-12-04 14:21:49 EST,41,Accu: Partly sunny w/ flurries,,,,,AccuWeather
2025-12-04 14:41:34 EST,2025-12-04,forecast,2025-12-04 14:41:34 EST,42,Accu: Partly sunny w/ flurries,,,,,AccuWeather
2025-12-04 15:28:56 EST,2025-12-04,forecast,2025-12-04 15:28:56 EST,41,Accu: Partly sunny w/ flurries,,,,,AccuWeather
2025-12-04 16:24:19 EST,2025-12-05,forecast,2025-12-04 16:24:19 EST,31,Accu: Cold,,,,,AccuWeather
2025-12-05 04:19:45,2025-12-06,forecast,2025-12-05 04:19:45,42,Mostly cloudy,,,,,AccuWeather
2025-12-05 04:26:54 EST,2025-12-05,forecast,2025-12-05 04:26:54 EST,32,Accu: Cold,,,,,AccuWeather
2025-12-05 10:27:08 EST,2025-12-06,forecast,2025-12-05 10:27:08 EST,40,Accu: Rain and snow,,,,,AccuWeather
2025-12-05 10:46:18 EST,2025-12-05,forecast,2025-12-05 10:46:18 EST,31,Accu: Cold,,,,,AccuWeather
2025-12-05 16:22:33 EST,2025-12-05,forecast,2025-12-05 16:22:33 EST,30,Accu: Mostly cloudy w/ flurries,,,,,AccuWeather
2025-12-05 16:22:33 EST,2025-12-06,forecast,2025-12-05 16:22:33 EST,41,Accu: Rain and snow,,,,,AccuWeather
2025-12-06 04:18:02,2025-12-07,forecast,2025-12-06 04:18:02,42,Mostly cloudy,,,,,AccuWeather
2025-12-06 10:40:30 EST,2025-12-07,forecast,2025-12-06 10:40:30 EST,41,Accu: Mostly cloudy,,,,,AccuWeather
2025-12-06 15:25:36 EST,2025-12-06,forecast,2025-12-06 15:25:36 EST,42,Accu: Rain and snow,,,,,AccuWeather
2025-12-06 15:41:58 EST,2025-12-06,forecast,2025-12-06 15:41:58 EST,41,Accu: Rain and snow,,,,,AccuWeather
2025-12-06 16:20:57 EST,2025-12-06,forecast,2025-12-06 16:20:57 EST,42,Accu: Rain and snow,,,,,AccuWeather
2025-12-07 04:17:29,2025-12-07,forecast,2025-12-07 04:17:29,43,Mostly cloudy,,,,,AccuWeather
2025-12-07 04:17:29,2025-12-08,forecast,2025-12-07 04:17:29,32,Partly sunny,,,,,AccuWeather
2025-12-07 10:16:08,2025-12-08,forecast,2025-12-07 10:16:08,31,Partly sunny,,,,,AccuWeather
2025-12-07 16:20:14 EST,2025-12-08,forecast,2025-12-07 16:20:14 EST,30,Accu: Cold,,,,,AccuWeather
2025-12-08 04:26:30,2025-12-08,forecast,2025-12-08 04:26:30,28,Cold,,,,,AccuWeather
2025-12-08 04:26:30,2025-12-09,forecast,2025-12-08 04:26:30,35,Mostly cloudy,,,,,AccuWeather
2025-12-08 07:53:19 EST,2025-12-08,forecast,2025-12-08 07:53:19 EST,30,Accu: Cold,,,,,AccuWeather
2025-12-08 10:28:45 EST,2025-12-08,forecast,2025-12-08 10:28:45 EST,31,Accu: Partly sunny,,,,,AccuWeather
2025-12-08 10:46:28 EST,2025-12-09,forecast,2025-12-08 10:46:28 EST,36,Accu: Mostly cloudy,,,,,AccuWeather
2025-12-08 16:21:18 EST,2025-12-09,forecast,2025-12-08 16:21:18 EST,35,Accu: Mostly cloudy,,,,,AccuWeather
2025-12-08 17:12:48,2025-12-09,forecast,2025-12-08 17:12:48,34,Mostly cloudy,,,,,AccuWeather
2025-12-09 04:21:55,2025-12-10,forecast,2025-12-09 04:21:55,42,Showers,,,,,AccuWeather
2025-12-09 04:29:00 EST,2025-12-09,forecast,2025-12-09 04:29:00 EST,35,Accu: Mostly cloudy,,,,,AccuWeather
2025-12-09 10:22:14,2025-12-10,forecast,2025-12-09 10:22:14,41,Showers,,,,,AccuWeather
2025-12-09 10:29:36 EST,2025-12-09,forecast,2025-12-09 10:29:36 EST,34,Accu: Mostly cloudy,,,,,AccuWeather
2025-12-09 10:29:36 EST,2025-12-10,forecast,2025-12-09 10:29:36 EST,42,Accu: Showers,,,,,AccuWeather
2025-12-09 10:46:46 EST,2025-12-09,forecast,2025-12-09 10:46:46 EST,33,Accu: Intermittent clouds,,,,,AccuWeather
2025-12-09 10:46:46 EST,2025-12-10,forecast,2025-12-09 10:46:46 EST,43,Accu: Showers,,,,,AccuWeather
2025-12-09 16:22:27 EST,2025-12-10,forecast,2025-12-09 16:22:27 EST,41,Accu: Showers,,,,,AccuWeather
2025-12-09 17:23:39 EST,2025-12-10,forecast,2025-12-09 17:23:39 EST,42,Accu: Showers,,,,,AccuWeather
2025-12-10 04:22:22,2025-12-11,forecast,2025-12-10 04:22:22,34,Partly sunny w/ flurries,,,,,AccuWeather
2025-12-10 04:29:58 EST,2025-12-10,forecast,2025-12-10 04:29:58 EST,43,Accu: Showers,,,,,AccuWeather
2025-12-10 11:33:41 EST,2025-12-11,forecast,2025-12-10 11:33:41 EST,35,Accu: Partly sunny w/ flurries,,,,,AccuWeather
2025-12-10 13:36:40 EST,2025-12-10,forecast,2025-12-10 13:36:40 EST,45,Accu: Showers,,,,,AccuWeather
2025-12-10 14:22:04 EST,2025-12-10,forecast,2025-12-10 14:22:04 EST,46,Accu: Showers,,,,,AccuWeather
2025-12-10 15:30:19 EST,2025-12-10,forecast,2025-12-10 15:30:19 EST,47,Accu: Showers,,,,,AccuWeather
2025-12-10 16:27:17 EST,2025-12-10,forecast,2025-12-10 16:27:17 EST,46,Accu: Showers,,,,,AccuWeather
2025-12-10 16:27:17 EST,2025-12-11,forecast,2025-12-10 16:27:17 EST,36,Accu: Partly sunny w/ flurries,,,,,AccuWeather
2025-12-11 04:24:03,2025-12-12,forecast,2025-12-11 04:24:03,36,Intermittent clouds,,,,,AccuWeather
2025-12-11 04:30:34 EST,2025-12-11,forecast,2025-12-11 04:30:34 EST,35,Accu: Partly sunny w/ flurries,,,,,AccuWeather
2025-12-11 11:37:17 EST,2025-12-11,forecast,2025-12-11 11:37:17 EST,36,Accu: Partly sunny w/ flurries,,,,,AccuWeather
2025-12-11 15:28:51 EST,2025-12-11,forecast,2025-12-11 15:28:51 EST,35,Accu: Partly sunny w/ flurries,,,,,AccuWeather
2025-12-11 16:26:59 EST,2025-12-12,forecast,2025-12-11 16:26:59 EST,35,Accu: Intermittent clouds,,,,,AccuWeather
2025-12-11 17:24:58 EST,2025-12-12,forecast,2025-12-11 17:24:58 EST,36,Accu: Intermittent clouds,,,,,AccuWeather
2025-12-12 04:23:12,2025-12-13,forecast,2025-12-12 04:23:12,40,Mostly cloudy,,,,,AccuWeather
2025-12-12 04:29:54 EST,2025-12-12,forecast,2025-12-12 04:29:54 EST,35,Accu: Sunny,,,,,AccuWeather
2025-12-12 10:47:18 EST,2025-12-12,forecast,2025-12-12 10:47:18 EST,36,Accu: Sunny,,,,,AccuWeather
2025-12-12 15:28:12 EST,2025-12-12,forecast,2025-12-12 15:28:12 EST,34,Accu: Sunny,,,,,AccuWeather
2025-12-13 04:18:08,2025-12-13,forecast,2025-12-13 04:18:08,41,Mostly cloudy,,,,,AccuWeather
2025-12-13 04:18:08,2025-12-14,forecast,2025-12-13 04:18:08,31,Snow,,,,,AccuWeather
2025-12-13 10:23:09 EST,2025-12-13,forecast,2025-12-13 10:23:09 EST,40,Accu: Mostly cloudy,,,,,AccuWeather
2025-12-13 13:32:07 EST,2025-12-13,forecast,2025-12-13 13:32:07 EST,41,Accu: Mostly cloudy,,,,,AccuWeather
2025-12-13 16:21:08 EST,2025-12-14,forecast,2025-12-13 16:21:08 EST,32,Accu: Snow,,,,,AccuWeather
2025-12-13 17:11:58,2025-12-14,forecast,2025-12-13 17:11:58,33,Snow,,,,,AccuWeather
2025-12-13 17:22:57 EST,2025-12-13,forecast,2025-12-13 17:22:57 EST,40,Accu: Mostly cloudy,,,,,AccuWeather
2025-12-14 04:18:21,2025-12-15,forecast,2025-12-14 04:18:21,30,Mostly cloudy,,,,,AccuWeather
2025-12-14 07:48:29 EST,2025-12-14,forecast,2025-12-14 07:48:29 EST,32,Accu: Snow,,,,,AccuWeather
2025-12-14 10:17:25,2025-12-15,forecast,2025-12-14 10:17:25,29,Mostly cloudy,,,,,AccuWeather
2025-12-14 10:23:21 EST,2025-12-15,forecast,2025-12-14 10:23:21 EST,30,Accu: Mostly cloudy,,,,,AccuWeather
2025-12-15 04:29:52,2025-12-16,forecast,2025-12-15 04:29:52,32,Partly sunny,,,,,AccuWeather
2025-12-15 11:37:31 EST,2025-12-16,forecast,2025-12-15 11:37:31 EST,33,Accu: Partly sunny,,,,,AccuWeather
2025-12-15 16:25:00 EST,2025-12-15,forecast,2025-12-15 16:25:00 EST,29,Accu: Mostly cloudy,,,,,AccuWeather
2025-12-15 16:25:00 EST,2025-12-16,forecast,2025-12-15 16:25:00 EST,32,Accu: Partly sunny,,,,,AccuWeather
2025-12-15 17:25:18 EST,2025-12-16,forecast,2025-12-15 17:25:18 EST,33,Accu: Partly sunny,,,,,AccuWeather
2025-12-16 04:24:48,2025-12-17,forecast,2025-12-16 04:24:48,43,Intermittent clouds,,,,,AccuWeather
2025-12-16 04:31:19 EST,2025-12-16,forecast,2025-12-16 04:31:19 EST,32,Accu: Partly sunny,,,,,AccuWeather
2025-12-16 11:35:38 EST,2025-12-16,forecast,2025-12-16 11:35:38 EST,34,Accu: Partly sunny,,,,,AccuWeather
2025-12-16 15:29:53 EST,2025-12-16,forecast,2025-12-16 15:29:53 EST,32,Accu: Partly sunny,,,,,AccuWeather
2025-12-17 04:25:49,2025-12-17,forecast,2025-12-17 04:25:49,45,Intermittent clouds,,,,,AccuWeather
2025-12-17 04:25:49,2025-12-18,forecast,2025-12-17 04:25:49,49,Intermittent clouds,,,,,AccuWeather
2025-12-17 11:35:21 EST,2025-12-17,forecast,2025-12-17 11:35:21 EST,43,Accu: Mostly cloudy,,,,,AccuWeather
2025-12-17 11:35:21 EST,2025-12-18,forecast,2025-12-17 11:35:21 EST,46,Accu: Intermittent clouds,,,,,AccuWeather
2025-12-17 15:30:31 EST,2025-12-17,forecast,2025-12-17 15:30:31 EST,46,Accu: Mostly cloudy,,,,,AccuWeather
2025-12-17 16:25:39 EST,2025-12-17,forecast,2025-12-17 16:25:39 EST,47,Accu: Mostly cloudy,,,,,AccuWeather
2025-12-17 16:25:39 EST,2025-12-18,forecast,2025-12-17 16:25:39 EST,49,Accu: Intermittent clouds,,,,,AccuWeather
2025-12-17 17:13:10,2025-12-18,forecast,2025-12-17 17:13:10,48,Intermittent clouds,,,,,AccuWeather
2025-12-17 17:45:58 EST,2025-12-18,forecast,2025-12-17 17:45:58 EST,49,Accu: Intermittent clouds,,,,,AccuWeather
2025-12-18 04:25:05,2025-12-19,forecast,2025-12-18 04:25:05,58,Rain,,,,,AccuWeather
2025-12-18 10:21:17,2025-12-19,forecast,2025-12-18 10:21:17,57,Rain,,,,,AccuWeather
2025-12-18 11:36:10 EST,2025-12-18,forecast,2025-12-18 11:36:10 EST,48,Accu: Partly sunny,,,,,AccuWeather
2025-12-18 14:20:03 EST,2025-12-18,forecast,2025-12-18 14:20:03 EST,49,Accu: Partly sunny,,,,,AccuWeather
2025-12-18 16:21:30 EST,2025-12-19,forecast,2025-12-18 16:21:30 EST,56,Accu: Rain,,,,,AccuWeather
2025-12-18 17:25:00 EST,2025-12-19,forecast,2025-12-18 17:25:00 EST,58,Accu: Rain,,,,,AccuWeather
2025-12-19 04:22:21,2025-12-20,forecast,2025-12-19 04:22:21,39,Intermittent clouds,,,,,AccuWeather
2025-12-19 04:29:17 EST,2025-12-19,forecast,2025-12-19 04:29:17 EST,56,Accu: Rain,,,,,AccuWeather
2025-12-19 08:35:56 EST,2025-12-19,forecast,2025-12-19 08:35:56 EST,58,Accu: Rain,,,,,AccuWeather
2025-12-19 09:26:38 EST,2025-12-19,forecast,2025-12-19 09:26:38 EST,57,Accu: Rain,,,,,AccuWeather
2025-12-19 11:32:15 EST,2025-12-20,forecast,2025-12-19 11:32:15 EST,38,Accu: Intermittent clouds,,,,,AccuWeather
2025-12-19 13:36:19 EST,2025-12-19,forecast,2025-12-19 13:36:19 EST,58,Accu: Rain,,,,,AccuWeather
2025-12-19 17:13:22,2025-12-20,forecast,2025-12-19 17:13:22,37,Intermittent clouds,,,,,AccuWeather
2025-12-20 04:18:03,2025-12-21,forecast,2025-12-20 04:18:03,45,Mostly sunny,,,,,AccuWeather
2025-12-20 04:24:51 EST,2025-12-20,forecast,2025-12-20 04:24:51 EST,38,Accu: Intermittent clouds,,,,,AccuWeather
2025-12-20 10:41:27 EST,2025-12-21,forecast,2025-12-20 10:41:27 EST,46,Accu: Mostly sunny,,,,,AccuWeather
2025-12-20 15:25:44 EST,2025-12-20,forecast,2025-12-20 15:25:44 EST,37,Accu: Mostly sunny,,,,,AccuWeather
2025-12-20 16:20:57 EST,2025-12-21,forecast,2025-12-20 16:20:57 EST,44,Accu: Mostly sunny,,,,,AccuWeather
2025-12-20 17:22:28 EST,2025-12-21,forecast,2025-12-20 17:22:28 EST,45,Accu: Mostly sunny,,,,,AccuWeather
2025-12-20 22:11:39 EST,2025-12-21,forecast,2025-12-20 22:11:39 EST,46,Accu: Mostly sunny,,,,,AccuWeather
2025-12-21 04:18:35,2025-12-22,forecast,2025-12-21 04:18:35,38,Intermittent clouds,,,,,AccuWeather
2025-12-21 04:25:09 EST,2025-12-21,forecast,2025-12-21 04:25:09 EST,45,Accu: Mostly sunny,,,,,AccuWeather
2025-12-21 10:17:27,2025-12-21,forecast,2025-12-21 10:17:27,47,Partly sunny w/ showers,,,,,AccuWeather
2025-12-21 11:28:58 EST,2025-12-21,forecast,2025-12-21 11:28:58 EST,46,Accu: Mostly sunny,,,,,AccuWeather
2025-12-21 12:20:39 EST,2025-12-21,forecast,2025-12-21 12:20:39 EST,45,Accu: Mostly sunny,,,,,AccuWeather
2025-12-22 04:26:31,2025-12-22,forecast,2025-12-22 04:26:31,39,Intermittent clouds,,,,,AccuWeather
2025-12-22 04:26:31,2025-12-23,forecast,2025-12-22 04:26:31,39,Rain and snow,,,,,AccuWeather
2025-12-22 10:46:59 EST,2025-12-22,forecast,2025-12-22 10:46:59 EST,38,Accu: Mostly sunny,,,,,AccuWeather
2025-12-22 16:22:51 EST,2025-12-23,forecast,2025-12-22 16:22:51 EST,38,Accu: Rain and snow,,,,,AccuWeather
2025-12-23 04:23:30,2025-12-24,forecast,2025-12-23 04:23:30,43,Mostly sunny,,,,,AccuWeather
2025-12-23 10:27:34 EST,2025-12-23,forecast,2025-12-23 10:27:34 EST,39,Accu: Rain and snow,,,,,AccuWeather
2025-12-23 15:28:06 EST,2025-12-23,forecast,2025-12-23 15:28:06 EST,40,Accu: Rain and snow,,,,,AccuWeather
2025-12-23 16:23:34 EST,2025-12-24,forecast,2025-12-23 16:23:34 EST,41,Accu: Mostly sunny,,,,,AccuWeather
2025-12-23 17:24:21 EST,2025-12-24,forecast,2025-12-23 17:24:21 EST,43,Accu: Mostly sunny,,,,,AccuWeather
2025-12-24 04:22:41,2025-12-25,forecast,2025-12-24 04:22:41,45,Mostly cloudy,,,,,AccuWeather
2025-12-24 07:52:49 EST,2025-12-24,forecast,2025-12-24 07:52:49 EST,45,Accu: Intermittent clouds,,,,,AccuWeather
2025-12-24 11:31:22 EST,2025-12-25,forecast,2025-12-24 11:31:22 EST,44,Accu: Intermittent clouds,,,,,AccuWeather
2025-12-24 14:19:34 EST,2025-12-24,forecast,2025-12-24 14:19:34 EST,47,Accu: Mostly sunny,,,,,AccuWeather
2025-12-24 15:27:57 EST,2025-12-24,forecast,2025-12-24 15:27:57 EST,46,Accu: Mostly sunny,,,,,AccuWeather
2025-12-24 17:24:34 EST,2025-12-25,forecast,2025-12-24 17:24:34 EST,45,Accu: Intermittent clouds,,,,,AccuWeather
2025-12-25 04:21:10,2025-12-25,forecast,2025-12-25 04:21:10,46,Intermittent clouds,,,,,AccuWeather
2025-12-25 04:21:10,2025-12-26,forecast,2025-12-25 04:21:10,29,Snow,,,,,AccuWeather
2025-12-25 10:19:17,2025-12-26,forecast,2025-12-25 10:19:17,28,Snow,,,,,AccuWeather
2025-12-25 10:43:31 EST,2025-12-26,forecast,2025-12-25 10:43:31 EST,29,Accu: Snow,,,,,AccuWeather
2025-12-25 14:19:36 EST,2025-12-25,forecast,2025-12-25 14:19:36 EST,47,Accu: Intermittent clouds,,,,,AccuWeather
2025-12-25 15:28:17 EST,2025-12-25,forecast,2025-12-25 15:28:17 EST,50,Accu: Intermittent clouds,,,,,AccuWeather
2025-12-25 16:23:12 EST,2025-12-25,forecast,2025-12-25 16:23:12 EST,49,Accu: Intermittent clouds,,,,,AccuWeather
2025-12-25 16:23:12 EST,2025-12-26,forecast,2025-12-25 16:23:12 EST,28,Accu: Snow,,,,,AccuWeather
2025-12-26 04:20:35,2025-12-27,forecast,2025-12-26 04:20:35,32,Flurries,,,,,AccuWeather
2025-12-26 04:27:44 EST,2025-12-26,forecast,2025-12-26 04:27:44 EST,29,Accu: Snow,,,,,AccuWeather
2025-12-26 17:12:56,2025-12-27,forecast,2025-12-26 17:12:56,30,Flurries,,,,,AccuWeather
2025-12-27 04:18:51,2025-12-28,forecast,2025-12-27 04:18:51,36,Mostly cloudy,,,,,AccuWeather
2025-12-27 10:18:05,2025-12-28,forecast,2025-12-27 10:18:05,35,Mostly cloudy,,,,,AccuWeather
2025-12-27 17:12:28,2025-12-28,forecast,2025-12-27 17:12:28,38,Showers,,,,,AccuWeather
2025-12-28 04:18:48,2025-12-29,forecast,2025-12-28 04:18:48,48,Mostly cloudy w/ showers,,,,,AccuWeather
2025-12-28 04:25:26 EST,2025-12-28,forecast,2025-12-28 04:25:26 EST,35,Accu: Showers,,,,,AccuWeather
2025-12-28 10:41:54 EST,2025-12-29,forecast,2025-12-28 10:41:54 EST,49,Accu: Mostly cloudy w/ showers,,,,,AccuWeather
2025-12-29 04:28:09,2025-12-30,forecast,2025-12-29 04:28:09,32,Windy,,,,,AccuWeather
2025-12-29 04:35:32 EST,2025-12-29,forecast,2025-12-29 04:35:32 EST,48,Accu: Rain,,,,,AccuWeather
2025-12-29 10:47:01 EST,2025-12-29,forecast,2025-12-29 10:47:01 EST,50,Accu: Rain,,,,,AccuWeather
2025-12-29 13:37:03 EST,2025-12-29,forecast,2025-12-29 13:37:03 EST,49,Accu: Rain,,,,,AccuWeather
2025-12-30 04:23:34,2025-12-31,forecast,2025-12-30 04:23:34,33,Flurries,,,,,AccuWeather
2025-12-30 11:34:05 EST,2025-12-30,forecast,2025-12-30 11:34:05 EST,33,Accu: Windy,,,,,AccuWeather
2025-12-30 11:34:05 EST,2025-12-31,forecast,2025-12-30 11:34:05 EST,34,Accu: Flurries,,,,,AccuWeather
2025-12-30 16:24:26 EST,2025-12-31,forecast,2025-12-30 16:24:26 EST,32,Accu: Flurries,,,,,AccuWeather
2025-12-31 04:23:13,2026-01-01,forecast,2025-12-31 04:23:13,30,Partly sunny w/ flurries,,,,,AccuWeather
2025-12-31 04:29:37 EST,2025-12-31,forecast,2025-12-31 04:29:37 EST,34,Accu: Flurries,,,,,AccuWeather
2025-12-31 10:19:49,2026-01-01,forecast,2025-12-31 10:19:49,32,Partly sunny w/ flurries,,,,,AccuWeather
2025-12-31 17:13:27,2026-01-01,forecast,2025-12-31 17:13:27,33,Partly sunny w/ flurries,,,,,AccuWeather
2026-01-01 04:23:17,2026-01-01,forecast,2026-01-01 04:23:17,28,Partly sunny w/ flurries,,,,,AccuWeather
2026-01-01 04:23:17,2026-01-02,forecast,2026-01-01 04:23:17,31,Intermittent clouds,,,,,AccuWeather
2026-01-01 10:20:10,2026-01-02,forecast,2026-01-01 10:20:10,32,Intermittent clouds,,,,,AccuWeather
2026-01-01 10:44:24 EST,2026-01-02,forecast,2026-01-01 10:44:24 EST,30,Accu: Intermittent clouds,,,,,AccuWeather
2026-01-01 16:23:55 EST,2026-01-02,forecast,2026-01-01 16:23:55 EST,32,Accu: Intermittent clouds,,,,,AccuWeather
2026-01-01 16:42:09 EST,2026-01-02,forecast,2026-01-01 16:42:09 EST,31,Accu: Intermittent clouds,,,,,AccuWeather
2026-01-01 18:24:59 EST,2026-01-01,forecast,2026-01-01 18:24:59 EST,27,Accu: Mostly sunny,,,,,AccuWeather
2026-01-02 04:22:39,2026-01-03,forecast,2026-01-02 04:22:39,32,Intermittent clouds,,,,,AccuWeather
2026-01-02 15:28:05 EST,2026-01-02,forecast,2026-01-02 15:28:05 EST,30,Accu: Mostly cloudy w/ flurries,,,,,AccuWeather
2026-01-03 04:18:44,2026-01-04,forecast,2026-01-03 04:18:44,35,Mostly sunny,,,,,AccuWeather
2026-01-03 10:18:30,2026-01-03,forecast,2026-01-03 10:18:30,33,Intermittent clouds,,,,,AccuWeather
2026-01-03 10:18:30,2026-01-04,forecast,2026-01-03 10:18:30,36,Mostly sunny,,,,,AccuWeather
2026-01-03 10:42:24 EST,2026-01-04,forecast,2026-01-03 10:42:24 EST,34,Accu: Mostly sunny,,,,,AccuWeather
2026-01-03 13:34:54 EST,2026-01-03,forecast,2026-01-03 13:34:54 EST,31,Accu: Intermittent clouds,,,,,AccuWeather
2026-01-04 04:17:58,2026-01-05,forecast,2026-01-04 04:17:58,36,Mostly cloudy,,,,,AccuWeather
2026-01-04 04:24:41 EST,2026-01-04,forecast,2026-01-04 04:24:41 EST,35,Accu: Intermittent clouds,,,,,AccuWeather
2026-01-04 10:24:06 EST,2026-01-04,forecast,2026-01-04 10:24:06 EST,34,Accu: Intermittent clouds,,,,,AccuWeather
2026-01-04 10:24:06 EST,2026-01-05,forecast,2026-01-04 10:24:06 EST,34,Accu: Mostly cloudy,,,,,AccuWeather
2026-01-04 16:23:05 EST,2026-01-05,forecast,2026-01-04 16:23:05 EST,36,Accu: Flurries,,,,,AccuWeather
2026-01-04 17:12:50,2026-01-05,forecast,2026-01-04 17:12:50,35,Flurries,,,,,AccuWeather
2026-01-05 04:29:47,2026-01-05,forecast,2026-01-05 04:29:47,37,Flurries,,,,,AccuWeather
2026-01-05 04:29:47,2026-01-06,forecast,2026-01-05 04:29:47,42,Mostly cloudy,,,,,AccuWeather
2026-01-05 10:50:28 EST,2026-01-05,forecast,2026-01-05 10:50:28 EST,36,Accu: Flurries,,,,,AccuWeather
2026-01-05 13:39:29 EST,2026-01-05,forecast,2026-01-05 13:39:29 EST,35,Accu: Flurries,,,,,AccuWeather
2026-01-05 16:26:23 EST,2026-01-06,forecast,2026-01-05 16:26:23 EST,41,Accu: Mostly cloudy,,,,,AccuWeather
2026-01-05 17:13:49,2026-01-06,forecast,2026-01-05 17:13:49,40,Mostly cloudy,,,,,AccuWeather
2026-01-05 18:24:55 EST,2026-01-05,forecast,2026-01-05 18:24:55 EST,36,Accu: Flurries,,,,,AccuWeather
2026-01-06 04:24:59,2026-01-07,forecast,2026-01-06 04:24:59,48,Mostly cloudy,,,,,AccuWeather
2026-01-06 04:31:36 EST,2026-01-06,forecast,2026-01-06 04:31:36 EST,42,Accu: Mostly cloudy,,,,,AccuWeather
2026-01-06 10:28:42 EST,2026-01-07,forecast,2026-01-06 10:28:42 EST,49,Accu: Intermittent clouds,,,,,AccuWeather
2026-01-06 11:35:50 EST,2026-01-06,forecast,2026-01-06 11:35:50 EST,43,Accu: Mostly cloudy,,,,,AccuWeather
2026-01-06 13:38:35 EST,2026-01-06,forecast,2026-01-06 13:38:35 EST,41,Accu: Mostly cloudy,,,,,AccuWeather
2026-01-06 14:20:34 EST,2026-01-06,forecast,2026-01-06 14:20:34 EST,42,Accu: Mostly cloudy,,,,,AccuWeather
2026-01-06 16:26:03 EST,2026-01-07,forecast,2026-01-06 16:26:03 EST,48,Accu: Intermittent clouds,,,,,AccuWeather
2026-01-06 16:44:44 EST,2026-01-07,forecast,2026-01-06 16:44:44 EST,49,Accu: Intermittent clouds,,,,,AccuWeather
2026-01-07 04:26:23,2026-01-08,forecast,2026-01-07 04:26:23,49,Partly sunny,,,,,AccuWeather
2026-01-07 04:33:14 EST,2026-01-07,forecast,2026-01-07 04:33:14 EST,48,Accu: Intermittent clouds,,,,,AccuWeather
2026-01-07 10:23:46,2026-01-08,forecast,2026-01-07 10:23:46,50,Partly sunny,,,,,AccuWeather
2026-01-07 11:36:44 EST,2026-01-07,forecast,2026-01-07 11:36:44 EST,49,Accu: Intermittent clouds,,,,,AccuWeather
2026-01-07 16:25:54 EST,2026-01-08,forecast,2026-01-07 16:25:54 EST,49,Accu: Partly sunny,,,,,AccuWeather
2026-01-07 16:44:18 EST,2026-01-08,forecast,2026-01-07 16:44:18 EST,50,Accu: Partly sunny,,,,,AccuWeather
2026-01-08 04:26:38,2026-01-09,forecast,2026-01-08 04:26:38,52,Showers,,,,,AccuWeather
2026-01-08 11:36:48 EST,2026-01-09,forecast,2026-01-08 11:36:48 EST,51,Accu: Showers,,,,,AccuWeather
2026-01-09 04:26:15,2026-01-10,forecast,2026-01-09 04:26:15,45,Rain,,,,,AccuWeather
2026-01-09 04:33:02 EST,2026-01-09,forecast,2026-01-09 04:33:02 EST,52,Accu: Showers,,,,,AccuWeather
2026-01-09 05:29:04 EST,2026-01-10,forecast,2026-01-09 05:29:04 EST,46,Accu: Rain,,,,,AccuWeather
2026-01-09 10:29:17 EST,2026-01-10,forecast,2026-01-09 10:29:17 EST,45,Accu: Rain,,,,,AccuWeather
2026-01-09 10:50:22 EST,2026-01-10,forecast,2026-01-09 10:50:22 EST,46,Accu: Rain,,,,,AccuWeather
2026-01-09 16:26:09 EST,2026-01-09,forecast,2026-01-09 16:26:09 EST,51,Accu: Mostly cloudy w/ showers,,,,,AccuWeather
2026-01-09 16:26:09 EST,2026-01-10,forecast,2026-01-09 16:26:09 EST,43,Accu: Rain,,,,,AccuWeather
2026-01-09 17:26:19 EST,2026-01-10,forecast,2026-01-09 17:26:19 EST,45,Accu: Rain,,,,,AccuWeather
2026-01-10 04:18:24,2026-01-10,forecast,2026-01-10 04:18:24,44,Rain,,,,,AccuWeather
2026-01-10 04:18:24,2026-01-11,forecast,2026-01-10 04:18:24,47,Mostly cloudy,,,,,AccuWeather
2026-01-10 07:50:14 EST,2026-01-10,forecast,2026-01-10 07:50:14 EST,45,Accu: Rain,,,,,AccuWeather
2026-01-10 08:32:13 EST,2026-01-10,forecast,2026-01-10 08:32:13 EST,44,Accu: Rain,,,,,AccuWeather
2026-01-10 10:18:18,2026-01-11,forecast,2026-01-10 10:18:18,48,Mostly cloudy,,,,,AccuWeather
2026-01-10 10:24:21 EST,2026-01-10,forecast,2026-01-10 10:24:21 EST,46,Accu: Rain,,,,,AccuWeather
2026-01-10 10:42:17 EST,2026-01-11,forecast,2026-01-10 10:42:17 EST,46,Accu: Rain and snow,,,,,AccuWeather
2026-01-10 12:21:52 EST,2026-01-10,forecast,2026-01-10 12:21:52 EST,44,Accu: Rain,,,,,AccuWeather
2026-01-10 13:35:11 EST,2026-01-10,forecast,2026-01-10 13:35:11 EST,45,Accu: Rain,,,,,AccuWeather
2026-01-10 16:22:44 EST,2026-01-11,forecast,2026-01-10 16:22:44 EST,47,Accu: Rain and snow,,,,,AccuWeather
2026-01-10 17:24:31 EST,2026-01-11,forecast,2026-01-10 17:24:31 EST,46,Accu: Rain and snow,,,,,AccuWeather
2026-01-11 04:19:06,2026-01-12,forecast,2026-01-11 04:19:06,42,Mostly sunny,,,,,AccuWeather
2026-01-11 10:18:31,2026-01-12,forecast,2026-01-11 10:18:31,43,Mostly sunny,,,,,AccuWeather
2026-01-11 10:42:44 EST,2026-01-12,forecast,2026-01-11 10:42:44 EST,41,Accu: Mostly sunny,,,,,AccuWeather
2026-01-11 14:19:16 EST,2026-01-11,forecast,2026-01-11 14:19:16 EST,48,Accu: Rain and snow,,,,,AccuWeather
2026-01-11 15:28:18 EST,2026-01-11,forecast,2026-01-11 15:28:18 EST,47,Accu: Rain and snow,,,,,AccuWeather
2026-01-11 16:22:40 EST,2026-01-12,forecast,2026-01-11 16:22:40 EST,42,Accu: Mostly sunny,,,,,AccuWeather
2026-01-12 04:30:12,2026-01-13,forecast,2026-01-12 04:30:12,46,Partly sunny,,,,,AccuWeather
2026-01-12 04:37:42 EST,2026-01-12,forecast,2026-01-12 04:37:42 EST,43,Accu: Mostly sunny,,,,,AccuWeather
2026-01-12 15:30:23 EST,2026-01-12,forecast,2026-01-12 15:30:23 EST,40,Accu: Mostly sunny,,,,,AccuWeather
2026-01-13 04:26:23,2026-01-13,forecast,2026-01-13 04:26:23,47,Partly sunny,,,,,AccuWeather
2026-01-13 04:26:23,2026-01-14,forecast,2026-01-13 04:26:23,49,Mostly cloudy,,,,,AccuWeather
2026-01-13 11:38:21 EST,2026-01-13,forecast,2026-01-13 11:38:21 EST,46,Accu: Partly sunny,,,,,AccuWeather
2026-01-13 11:38:21 EST,2026-01-14,forecast,2026-01-13 11:38:21 EST,48,Accu: Mostly cloudy,,,,,AccuWeather
2026-01-13 15:31:17 EST,2026-01-13,forecast,2026-01-13 15:31:17 EST,47,Accu: Partly sunny,,,,,AccuWeather
2026-01-13 17:27:12 EST,2026-01-14,forecast,2026-01-13 17:27:12 EST,49,Accu: Mostly cloudy,,,,,AccuWeather
2026-01-14 04:27:25,2026-01-15,forecast,2026-01-14 04:27:25,39,Rain and snow,,,,,AccuWeather
2026-01-14 06:18:32,2026-01-14,forecast,2026-01-14 06:18:32,50,Cloudy,,,,,AccuWeather
2026-01-14 10:24:36,2026-01-14,forecast,2026-01-14 10:24:36,52,Showers,,,,,AccuWeather
2026-01-14 10:24:36,2026-01-15,forecast,2026-01-14 10:24:36,44,Rain and snow,,,,,AccuWeather
2026-01-14 11:37:09 EST,2026-01-14,forecast,2026-01-14 11:37:09 EST,51,Accu: Cloudy,,,,,AccuWeather
2026-01-14 11:37:09 EST,2026-01-15,forecast,2026-01-14 11:37:09 EST,41,Accu: Rain and snow,,,,,AccuWeather
2026-01-14 13:39:55 EST,2026-01-14,forecast,2026-01-14 13:39:55 EST,52,Accu: Cloudy,,,,,AccuWeather
2026-01-14 16:27:08 EST,2026-01-15,forecast,2026-01-14 16:27:08 EST,42,Accu: Rain and snow,,,,,AccuWeather
2026-01-15 04:26:13,2026-01-16,forecast,2026-01-15 04:26:13,35,Intermittent clouds,,,,,AccuWeather
2026-01-15 07:56:36 EST,2026-01-15,forecast,2026-01-15 07:56:36 EST,43,Accu: Rain and snow,,,,,AccuWeather
2026-01-15 10:24:17,2026-01-16,forecast,2026-01-15 10:24:17,36,Intermittent clouds,,,,,AccuWeather
2026-01-15 11:40:50 EST,2026-01-16,forecast,2026-01-15 11:40:50 EST,35,Accu: Intermittent clouds,,,,,AccuWeather
2026-01-16 04:25:17,2026-01-17,forecast,2026-01-16 04:25:17,38,Rain and snow,,,,,AccuWeather
2026-01-16 10:22:34,2026-01-17,forecast,2026-01-16 10:22:34,39,Rain and snow,,,,,AccuWeather
2026-01-16 10:50:09 EST,2026-01-17,forecast,2026-01-16 10:50:09 EST,40,Accu: Rain and snow,,,,,AccuWeather
2026-01-16 15:26:58 EST,2026-01-16,forecast,2026-01-16 15:26:58 EST,32,Accu: Partly sunny,,,,,AccuWeather
2026-01-16 16:26:03 EST,2026-01-17,forecast,2026-01-16 16:26:03 EST,38,Accu: Rain and snow,,,,,AccuWeather
2026-01-16 17:47:33 EST,2026-01-17,forecast,2026-01-16 17:47:33 EST,36,Accu: Rain and snow,,,,,AccuWeather
2026-01-17 04:18:30,2026-01-18,forecast,2026-01-17 04:18:30,37,Flurries,,,,,AccuWeather
2026-01-17 04:25:44 EST,2026-01-17,forecast,2026-01-17 04:25:44 EST,38,Accu: Rain and snow,,,,,AccuWeather
2026-01-17 09:23:23 EST,2026-01-17,forecast,2026-01-17 09:23:23 EST,39,Accu: Rain and snow,,,,,AccuWeather
2026-01-17 09:43:43 EST,2026-01-17,forecast,2026-01-17 09:43:43 EST,40,Accu: Rain and snow,,,,,AccuWeather
2026-01-17 10:18:21,2026-01-18,forecast,2026-01-17 10:18:21,34,Flurries,,,,,AccuWeather
2026-01-17 13:34:41 EST,2026-01-17,forecast,2026-01-17 13:34:41 EST,39,Accu: Rain and snow,,,,,AccuWeather
2026-01-17 16:22:28 EST,2026-01-18,forecast,2026-01-17 16:22:28 EST,35,Accu: Snow,,,,,AccuWeather
2026-01-18 04:19:14,2026-01-18,forecast,2026-01-18 04:19:14,36,Snow,,,,,AccuWeather
2026-01-18 04:19:14,2026-01-19,forecast,2026-01-18 04:19:14,34,Partly sunny,,,,,AccuWeather
2026-01-18 10:24:16 EST,2026-01-18,forecast,2026-01-18 10:24:16 EST,34,Accu: Rain and snow,,,,,AccuWeather
2026-01-18 10:42:17 EST,2026-01-19,forecast,2026-01-18 10:42:17 EST,36,Accu: Partly sunny,,,,,AccuWeather
2026-01-18 16:22:24 EST,2026-01-19,forecast,2026-01-18 16:22:24 EST,33,Accu: Partly sunny,,,,,AccuWeather
2026-01-18 17:12:47,2026-01-19,forecast,2026-01-18 17:12:47,32,Partly sunny,,,,,AccuWeather
2026-01-19 04:32:32,2026-01-20,forecast,2026-01-19 04:32:32,24,Mostly sunny,,,,,AccuWeather
2026-01-19 04:39:47 EST,2026-01-19,forecast,2026-01-19 04:39:47 EST,33,Accu: Partly sunny,,,,,AccuWeather
2026-01-19 11:36:05 EST,2026-01-19,forecast,2026-01-19 11:36:05 EST,34,Accu: Partly sunny,,,,,AccuWeather
2026-01-19 11:36:05 EST,2026-01-20,forecast,2026-01-19 11:36:05 EST,25,Accu: Mostly sunny,,,,,AccuWeather
2026-01-19 16:25:07 EST,2026-01-19,forecast,2026-01-19 16:25:07 EST,33,Accu: Intermittent clouds,,,,,AccuWeather
2026-01-19 16:25:07 EST,2026-01-20,forecast,2026-01-19 16:25:07 EST,24,Accu: Cold,,,,,AccuWeather
2026-01-19 18:26:02 EST,2026-01-19,forecast,2026-01-19 18:26:02 EST,31,Accu: Intermittent clouds,,,,,AccuWeather
2026-01-20 04:31:05,2026-01-21,forecast,2026-01-20 04:31:05,38,Intermittent clouds,,,,,AccuWeather
2026-01-20 11:41:14 EST,2026-01-20,forecast,2026-01-20 11:41:14 EST,25,Accu: Mostly sunny,,,,,AccuWeather
2026-01-20 11:41:14 EST,2026-01-21,forecast,2026-01-20 11:41:14 EST,37,Accu: Intermittent clouds,,,,,AccuWeather
2026-01-20 13:46:38 EST,2026-01-20,forecast,2026-01-20 13:46:38 EST,23,Accu: Sunny,,,,,AccuWeather
2026-01-20 15:54:56 EST,2026-01-21,forecast,2026-01-20 15:54:56 EST,36,Accu: Intermittent clouds,,,,,AccuWeather
2026-01-20 16:26:28 EST,2026-01-20,forecast,2026-01-20 16:26:28 EST,22,Accu: Sunny,,,,,AccuWeather
2026-01-20 17:15:44,2026-01-20,forecast,2026-01-20 17:15:44,21,Sunny,,,,,AccuWeather
2026-01-21 04:30:37,2026-01-22,forecast,2026-01-21 04:30:37,45,Intermittent clouds,,,,,AccuWeather
2026-01-21 04:37:44 EST,2026-01-21,forecast,2026-01-21 04:37:44 EST,37,Accu: Intermittent clouds,,,,,AccuWeather
2026-01-21 10:41:45 EST,2026-01-21,forecast,2026-01-21 10:41:45 EST,35,Accu: Intermittent clouds,,,,,AccuWeather
2026-01-21 12:00:43 EST,2026-01-21,forecast,2026-01-21 12:00:43 EST,37,Accu: Intermittent clouds,,,,,AccuWeather
2026-01-21 16:32:42 EST,2026-01-22,forecast,2026-01-21 16:32:42 EST,44,Accu: Intermittent clouds,,,,,AccuWeather
2026-01-21 17:30:13 EST,2026-01-22,forecast,2026-01-21 17:30:13 EST,45,Accu: Intermittent clouds,,,,,AccuWeather
2026-01-22 04:30:28,2026-01-22,forecast,2026-01-22 04:30:28,46,Intermittent clouds,,,,,AccuWeather
2026-01-22 04:30:28,2026-01-23,forecast,2026-01-22 04:30:28,37,Intermittent clouds,,,,,AccuWeather
2026-01-22 10:29:42,2026-01-23,forecast,2026-01-22 10:29:42,38,Intermittent clouds,,,,,AccuWeather
2026-01-22 11:40:51 EST,2026-01-22,forecast,2026-01-22 11:40:51 EST,45,Accu: Intermittent clouds,,,,,AccuWeather
2026-01-22 11:40:51 EST,2026-01-23,forecast,2026-01-22 11:40:51 EST,36,Accu: Intermittent clouds,,,,,AccuWeather
2026-01-22 13:40:26 EST,2026-01-22,forecast,2026-01-22 13:40:26 EST,47,Accu: Intermittent clouds,,,,,AccuWeather
2026-01-22 14:28:55 EST,2026-01-22,forecast,2026-01-22 14:28:55 EST,48,Accu: Intermittent clouds,,,,,AccuWeather
2026-01-22 16:28:20 EST,2026-01-22,forecast,2026-01-22 16:28:20 EST,47,Accu: Intermittent clouds,,,,,AccuWeather
2026-01-22 16:28:20 EST,2026-01-23,forecast,2026-01-22 16:28:20 EST,38,Accu: Intermittent clouds,,,,,AccuWeather
2026-01-22 20:09:25 EST,2026-01-23,forecast,2026-01-22 20:09:25 EST,36,Accu: Intermittent clouds,,,,,AccuWeather
2026-01-23 04:28:19,2026-01-24,forecast,2026-01-23 04:28:19,19,Mostly cloudy,,,,,AccuWeather
2026-01-23 11:37:13 EST,2026-01-24,forecast,2026-01-23 11:37:13 EST,18,Accu: Mostly cloudy,,,,,AccuWeather
2026-01-23 16:26:39 EST,2026-01-24,forecast,2026-01-23 16:26:39 EST,19,Accu: Cold,,,,,AccuWeather
2026-01-24 04:18:44,2026-01-25,forecast,2026-01-24 04:18:44,22,Snow,,,,,AccuWeather
2026-01-24 10:25:29 EST,2026-01-24,forecast,2026-01-24 10:25:29 EST,18,Accu: Mostly cloudy,,,,,AccuWeather
2026-01-24 15:27:24 EST,2026-01-24,forecast,2026-01-24 15:27:24 EST,17,Accu: Mostly cloudy,,,,,AccuWeather
2026-01-25 04:20:03,2026-01-25,forecast,2026-01-25 04:20:03,25,Snow,,,,,AccuWeather
2026-01-25 04:20:03,2026-01-26,forecast,2026-01-25 04:20:03,29,Flurries,,,,,AccuWeather
2026-01-25 10:19:17,2026-01-26,forecast,2026-01-25 10:19:17,30,Flurries,,,,,AccuWeather
2026-01-25 10:25:37 EST,2026-01-25,forecast,2026-01-25 10:25:37 EST,22,Accu: Snow,,,,,AccuWeather
2026-01-25 10:43:20 EST,2026-01-26,forecast,2026-01-25 10:43:20 EST,28,Accu: Flurries,,,,,AccuWeather
2026-01-25 16:24:05 EST,2026-01-26,forecast,2026-01-25 16:24:05 EST,30,Accu: Flurries,,,,,AccuWeather
2026-01-25 16:42:35 EST,2026-01-26,forecast,2026-01-25 16:42:35 EST,28,Accu: Flurries,,,,,AccuWeather
2026-01-26 04:32:26,2026-01-27,forecast,2026-01-26 04:32:26,20,Intermittent clouds,,,,,AccuWeather
2026-01-26 10:27:47,2026-01-27,forecast,2026-01-26 10:27:47,21,Intermittent clouds,,,,,AccuWeather
2026-01-26 11:40:02 EST,2026-01-27,forecast,2026-01-26 11:40:02 EST,20,Accu: Intermittent clouds,,,,,AccuWeather
2026-01-26 15:33:16 EST,2026-01-26,forecast,2026-01-26 15:33:16 EST,27,Accu: Flurries,,,,,AccuWeather
2026-01-26 16:28:57 EST,2026-01-27,forecast,2026-01-26 16:28:57 EST,21,Accu: Cold,,,,,AccuWeather
2026-01-27 04:30:40,2026-01-28,forecast,2026-01-27 04:30:40,23,Cold,,,,,AccuWeather
2026-01-27 04:38:34 EST,2026-01-27,forecast,2026-01-27 04:38:34 EST,20,Accu: Cold,,,,,AccuWeather
2026-01-27 10:38:48 EST,2026-01-27,forecast,2026-01-27 10:38:48 EST,18,Accu: Partly sunny w/ flurries,,,,,AccuWeather
2026-01-27 11:36:09 EST,2026-01-27,forecast,2026-01-27 11:36:09 EST,20,Accu: Partly sunny w/ flurries,,,,,AccuWeather
2026-01-27 11:36:09 EST,2026-01-28,forecast,2026-01-27 11:36:09 EST,22,Accu: Cold,,,,,AccuWeather
2026-01-27 13:47:18 EST,2026-01-27,forecast,2026-01-27 13:47:18 EST,21,Accu: Partly sunny w/ flurries,,,,,AccuWeather
2026-01-27 14:31:24 EST,2026-01-27,forecast,2026-01-27 14:31:24 EST,22,Accu: Partly sunny w/ flurries,,,,,AccuWeather
2026-01-27 16:23:36 EST,2026-01-28,forecast,2026-01-27 16:23:36 EST,23,Accu: Cold,,,,,AccuWeather
2026-01-27 16:44:17 EST,2026-01-28,forecast,2026-01-27 16:44:17 EST,24,Accu: Cold,,,,,AccuWeather
2026-01-28 04:32:27,2026-01-29,forecast,2026-01-28 04:32:27,22,Cold,,,,,AccuWeather
2026-01-28 04:39:04 EST,2026-01-28,forecast,2026-01-28 04:39:04 EST,23,Accu: Cold,,,,,AccuWeather
2026-01-28 10:42:53 EST,2026-01-28,forecast,2026-01-28 10:42:53 EST,24,Accu: Cold,,,,,AccuWeather
2026-01-28 15:37:21 EST,2026-01-28,forecast,2026-01-28 15:37:21 EST,23,Accu: Cold,,,,,AccuWeather
2026-01-28 16:34:32 EST,2026-01-29,forecast,2026-01-28 16:34:32 EST,23,Accu: Cold,,,,,AccuWeather
2026-01-28 17:19:05,2026-01-29,forecast,2026-01-28 17:19:05,24,Cold,,,,,AccuWeather
2026-01-29 04:40:17,2026-01-30,forecast,2026-01-29 04:40:17,16,Cold,,,,,AccuWeather
2026-01-29 04:50:48 EST,2026-01-29,forecast,2026-01-29 04:50:48 EST,22,Accu: Cold,,,,,AccuWeather
2026-01-29 12:08:03 EST,2026-01-29,forecast,2026-01-29 12:08:03 EST,23,Accu: Cold,,,,,AccuWeather
2026-01-29 12:08:03 EST,2026-01-30,forecast,2026-01-29 12:08:03 EST,18,Accu: Cold,,,,,AccuWeather
2026-01-29 15:36:25 EST,2026-01-29,forecast,2026-01-29 15:36:25 EST,22,Accu: Cold,,,,,AccuWeather
2026-01-29 16:32:48 EST,2026-01-29,forecast,2026-01-29 16:32:48 EST,23,Accu: Cold,,,,,AccuWeather
2026-01-29 16:32:48 EST,2026-01-30,forecast,2026-01-29 16:32:48 EST,17,Accu: Cold,,,,,AccuWeather
2026-01-29 17:19:19,2026-01-30,forecast,2026-01-29 17:19:19,19,Cold,,,,,AccuWeather
2026-01-30 04:35:51,2026-01-31,forecast,2026-01-30 04:35:51,19,Cold,,,,,AccuWeather
2026-01-30 04:44:52 EST,2026-01-30,forecast,2026-01-30 04:44:52 EST,17,Accu: Cold,,,,,AccuWeather
2026-01-30 10:32:35,2026-01-31,forecast,2026-01-30 10:32:35,20,Cold,,,,,AccuWeather
2026-01-30 11:54:27 EST,2026-01-30,forecast,2026-01-30 11:54:27 EST,18,Accu: Cold,,,,,AccuWeather
2026-01-30 15:36:39 EST,2026-01-30,forecast,2026-01-30 15:36:39 EST,17,Accu: Cold,,,,,AccuWeather
2026-01-30 16:32:22 EST,2026-01-30,forecast,2026-01-30 16:32:22 EST,18,Accu: Cold,,,,,AccuWeather
2026-01-30 16:32:22 EST,2026-01-31,forecast,2026-01-30 16:32:22 EST,21,Accu: Cold,,,,,AccuWeather
2026-01-30 17:16:33,2026-01-31,forecast,2026-01-30 17:16:33,22,Cold,,,,,AccuWeather
2026-01-30 20:16:04 EST,2026-01-31,forecast,2026-01-30 20:16:04 EST,20,Accu: Cold,,,,,AccuWeather
2026-01-31 04:26:11,2026-02-01,forecast,2026-01-31 04:26:11,24,Cold,,,,,AccuWeather
2026-01-31 13:39:29 EST,2026-01-31,forecast,2026-01-31 13:39:29 EST,22,Accu: Cold,,,,,AccuWeather
2026-01-31 15:31:31 EST,2026-01-31,forecast,2026-01-31 15:31:31 EST,25,Accu: Cold,,,,,AccuWeather
2026-01-31 16:27:04 EST,2026-01-31,forecast,2026-01-31 16:27:04 EST,24,Accu: Cold,,,,,AccuWeather
2026-01-31 16:27:04 EST,2026-02-01,forecast,2026-01-31 16:27:04 EST,25,Accu: Cold,,,,,AccuWeather
2026-01-31 17:28:26 EST,2026-02-01,forecast,2026-01-31 17:28:26 EST,24,Accu: Cold,,,,,AccuWeather
2026-02-01 04:28:30,2026-02-02,forecast,2026-02-01 04:28:30,32,Mostly sunny,,,,,AccuWeather
2026-02-01 04:36:24 EST,2026-02-01,forecast,2026-02-01 04:36:24 EST,25,Accu: Cold,,,,,AccuWeather
2026-02-01 10:30:34 EST,2026-02-01,forecast,2026-02-01 10:30:34 EST,24,Accu: Flurries,,,,,AccuWeather
2026-02-01 13:42:01 EST,2026-02-01,forecast,2026-02-01 13:42:01 EST,21,Accu: Cold,,,,,AccuWeather
2026-02-01 14:28:47 EST,2026-02-01,forecast,2026-02-01 14:28:47 EST,24,Accu: Cold,,,,,AccuWeather
2026-02-01 14:47:48 EST,2026-02-01,forecast,2026-02-01 14:47:48 EST,23,Accu: Cold,,,,,AccuWeather
2026-02-01 16:28:29 EST,2026-02-01,forecast,2026-02-01 16:28:29 EST,24,Accu: Cold,,,,,AccuWeather
2026-02-02 04:46:00,2026-02-03,forecast,2026-02-02 04:46:00,33,Partly sunny,,,,,AccuWeather
2026-02-02 05:55:03 EST,2026-02-03,forecast,2026-02-02 05:55:03 EST,32,Accu: Partly sunny,,,,,AccuWeather
2026-02-02 10:08:48 EST,2026-02-03,forecast,2026-02-02 10:08:48 EST,33,Accu: Partly sunny,,,,,AccuWeather
2026-02-02 11:00:07 EST,2026-02-03,forecast,2026-02-02 11:00:07 EST,32,Accu: Partly sunny,,,,,AccuWeather
2026-02-02 18:33:44 EST,2026-02-02,forecast,2026-02-02 18:33:44 EST,35,Accu: Sunny,,,,,AccuWeather
2026-02-02 18:33:44 EST,2026-02-03,forecast,2026-02-02 18:33:44 EST,34,Accu: Partly sunny,,,,,AccuWeather
2026-02-03 04:38:25,2026-02-04,forecast,2026-02-03 04:38:25,33,Partly sunny,,,,,AccuWeather
2026-02-03 04:50:43 EST,2026-02-03,forecast,2026-02-03 04:50:43 EST,33,Accu: Partly sunny,,,,,AccuWeather
2026-02-03 11:26:40 EST,2026-02-03,forecast,2026-02-03 11:26:40 EST,35,Accu: Mostly cloudy,,,,,AccuWeather
2026-02-03 17:22:17,2026-02-04,forecast,2026-02-03 17:22:17,32,Mostly sunny,,,,,AccuWeather
2026-02-03 18:33:15 EST,2026-02-03,forecast,2026-02-03 18:33:15 EST,33,Accu: Mostly cloudy,,,,,AccuWeather
2026-02-04 04:40:49,2026-02-05,forecast,2026-02-04 04:40:49,33,Sunny,,,,,AccuWeather
2026-02-04 04:52:39 EST,2026-02-04,forecast,2026-02-04 04:52:39 EST,33,Accu: Mostly sunny,,,,,AccuWeather
2026-02-04 12:25:15 EST,2026-02-05,forecast,2026-02-04 12:25:15 EST,32,Accu: Sunny,,,,,AccuWeather
2026-02-04 16:38:11 EST,2026-02-05,forecast,2026-02-04 16:38:11 EST,31,Accu: Sunny,,,,,AccuWeather
2026-02-04 17:34:33 EST,2026-02-05,forecast,2026-02-04 17:34:33 EST,33,Accu: Sunny,,,,,AccuWeather
2026-02-05 04:41:32,2026-02-06,forecast,2026-02-05 04:41:32,33,Mostly cloudy,,,,,AccuWeather
2026-02-05 10:39:16,2026-02-06,forecast,2026-02-05 10:39:16,34,Mostly cloudy,,,,,AccuWeather
2026-02-05 12:26:22 EST,2026-02-06,forecast,2026-02-05 12:26:22 EST,32,Accu: Mostly cloudy,,,,,AccuWeather
2026-02-05 16:35:12 EST,2026-02-06,forecast,2026-02-05 16:35:12 EST,31,Accu: Mostly cloudy,,,,,AccuWeather
2026-02-05 17:33:43 EST,2026-02-06,forecast,2026-02-05 17:33:43 EST,32,Accu: Mostly cloudy,,,,,AccuWeather
2026-02-05 18:28:46 EST,2026-02-05,forecast,2026-02-05 18:28:46 EST,32,Accu: Sunny,,,,,AccuWeather
2026-02-06 04:40:30,2026-02-07,forecast,2026-02-06 04:40:30,21,Flurries,,,,,AccuWeather
2026-02-06 04:50:55 EST,2026-02-06,forecast,2026-02-06 04:50:55 EST,31,Accu: Mostly cloudy,,,,,AccuWeather
2026-02-06 05:46:56 EST,2026-02-07,forecast,2026-02-06 05:46:56 EST,20,Accu: Flurries,,,,,AccuWeather
2026-02-06 16:36:17 EST,2026-02-07,forecast,2026-02-06 16:36:17 EST,21,Accu: Flurries,,,,,AccuWeather
2026-02-06 17:30:20 EST,2026-02-06,forecast,2026-02-06 17:30:20 EST,32,Accu: Mostly cloudy,,,,,AccuWeather
2026-02-06 22:37:06 EST,2026-02-07,forecast,2026-02-06 22:37:06 EST,19,Accu: Flurries,,,,,AccuWeather
2026-02-07 04:28:32,2026-02-07,forecast,2026-02-07 04:28:32,14,Flurries,,,,,AccuWeather
2026-02-07 04:28:32,2026-02-08,forecast,2026-02-07 04:28:32,17,Cold,,,,,AccuWeather
2026-02-07 08:00:08 EST,2026-02-07,forecast,2026-02-07 08:00:08 EST,20,Accu: Flurries,,,,,AccuWeather
2026-02-07 17:17:27,2026-02-08,forecast,2026-02-07 17:17:27,19,Cold,,,,,AccuWeather
2026-02-07 23:28:37 EST,2026-02-08,forecast,2026-02-07 23:28:37 EST,17,Accu: Cold,,,,,AccuWeather
2026-02-08 04:28:13,2026-02-08,forecast,2026-02-08 04:28:13,16,Cold,,,,,AccuWeather
2026-02-08 04:28:13,2026-02-09,forecast,2026-02-08 04:28:13,31,Partly sunny,,,,,AccuWeather
2026-02-08 10:31:34 EST,2026-02-08,forecast,2026-02-08 10:31:34 EST,17,Accu: Cold,,,,,AccuWeather
2026-02-09 05:00:50,2026-02-10,forecast,2026-02-09 05:00:50,35,Mostly cloudy,,,,,AccuWeather
2026-02-09 10:54:33,2026-02-10,forecast,2026-02-09 10:54:33,37,Showers,,,,,AccuWeather
2026-02-09 12:27:28 EST,2026-02-10,forecast,2026-02-09 12:27:28 EST,35,Accu: Mostly cloudy,,,,,AccuWeather
2026-02-09 16:43:31 EST,2026-02-10,forecast,2026-02-09 16:43:31 EST,34,Accu: Mostly cloudy,,,,,AccuWeather
2026-02-09 17:27:40,2026-02-10,forecast,2026-02-09 17:27:40,36,Mostly cloudy,,,,,AccuWeather
2026-02-10 04:58:55,2026-02-11,forecast,2026-02-10 04:58:55,41,Partly sunny,,,,,AccuWeather
2026-02-10 05:03:34 EST,2026-02-10,forecast,2026-02-10 05:03:34 EST,35,Accu: Mostly cloudy,,,,,AccuWeather
2026-02-10 10:42:29 EST,2026-02-10,forecast,2026-02-10 10:42:29 EST,34,Accu: Mostly cloudy,,,,,AccuWeather
2026-02-10 13:35:42 EST,2026-02-10,forecast,2026-02-10 13:35:42 EST,36,Accu: Mostly cloudy,,,,,AccuWeather
2026-02-11 04:52:45,2026-02-11,forecast,2026-02-11 04:52:45,42,Partly sunny,,,,,AccuWeather
2026-02-11 04:52:45,2026-02-12,forecast,2026-02-11 04:52:45,37,Partly sunny,,,,,AccuWeather
2026-02-11 10:59:49,2026-02-12,forecast,2026-02-11 10:59:49,38,Partly sunny,,,,,AccuWeather
2026-02-11 12:34:21 EST,2026-02-11,forecast,2026-02-11 12:34:21 EST,41,Accu: Partly sunny w/ flurries,,,,,AccuWeather
2026-02-11 16:05:48 EST,2026-02-12,forecast,2026-02-11 16:05:48 EST,36,Accu: Partly sunny,,,,,AccuWeather
2026-02-11 17:21:49,2026-02-12,forecast,2026-02-11 17:21:49,35,Partly sunny,,,,,AccuWeather
2026-02-12 04:46:58,2026-02-13,forecast,2026-02-12 04:46:58,39,Mostly sunny,,,,,AccuWeather
2026-02-12 04:56:43 EST,2026-02-12,forecast,2026-02-12 04:56:43 EST,37,Accu: Partly sunny,,,,,AccuWeather
2026-02-12 12:09:48 EST,2026-02-12,forecast,2026-02-12 12:09:48 EST,38,Accu: Intermittent clouds,,,,,AccuWeather
2026-02-12 15:40:52 EST,2026-02-12,forecast,2026-02-12 15:40:52 EST,35,Accu: Intermittent clouds,,,,,AccuWeather
2026-02-12 16:38:49 EST,2026-02-12,forecast,2026-02-12 16:38:49 EST,36,Accu: Intermittent clouds,,,,,AccuWeather
2026-02-12 16:38:49 EST,2026-02-13,forecast,2026-02-12 16:38:49 EST,38,Accu: Mostly sunny,,,,,AccuWeather
2026-02-12 17:36:35 EST,2026-02-13,forecast,2026-02-12 17:36:35 EST,39,Accu: Mostly sunny,,,,,AccuWeather
